file_id,sisnr,sisnri
test_00000,15.3377,19.2927
test_00001,13.6802,16.8046
test_00002,14.3118,17.9305
test_00003,12.1103,15.3230
test_00004,12.5450,15.8061
test_00005,13.7380,17.0009
test_00006,15.2907,18.5785
test_00007,12.2948,16.1387
test_00008,14.9249,17.9681
test_00009,10.6149,13.9358
test_00010,13.8133,16.7405
test_00011,16.2040,19.3245
test_00012,15.9132,19.5317
test_00013,15.5912,18.7125
test_00014,12.3381,15.7513
test_00015,13.2371,16.7922
test_00016,14.1306,17.5962
test_00017,13.4103,16.8448
test_00018,12.7464,16.5001
test_00019,20.2360,23.4977
test_00020,13.9459,17.2037
test_00021,15.1075,18.6765
test_00022,15.5484,18.6574
test_00023,15.5502,19.0644
test_00024,12.1619,15.7146
test_00025,13.6313,17.3439
test_00026,16.0551,19.4971
test_00027,15.3068,18.6692
test_00028,3.3377,7.3154
test_00029,15.2108,18.8126
test_00030,14.7696,18.1257
test_00031,15.6750,18.5926
test_00032,10.7296,14.0191
test_00033,15.1464,18.2687
test_00034,12.2739,15.4233
test_00035,8.4357,11.6737
test_00036,12.7165,15.8942
test_00037,17.0854,20.2927
test_00038,15.1536,18.6213
test_00039,7.9272,11.2797
test_00040,15.1589,18.7215
test_00041,16.5202,19.9092
test_00042,9.9189,13.1416
test_00043,15.0355,18.1383
test_00044,13.3265,16.5675
test_00045,13.1103,16.2712
test_00046,13.1712,17.0477
test_00047,17.0713,20.1915
test_00048,16.8430,20.2413
test_00049,12.4959,15.5032
test_00050,14.2870,17.4158
test_00051,14.8243,18.0294
test_00052,14.0052,17.3842
test_00053,15.0280,18.0623
test_00054,15.5593,18.9201
test_00055,13.4309,16.5899
test_00056,11.6133,14.7783
test_00057,10.6995,14.0479
test_00058,11.0913,14.5902
test_00059,13.5647,16.6811
test_00060,14.8916,18.1254
test_00061,14.2323,17.2118
test_00062,17.0422,20.4524
test_00063,13.7601,17.0987
test_00064,17.1627,20.3451
test_00065,13.3299,16.4590
test_00066,14.4647,17.5026
test_00067,12.5324,15.7115
test_00068,14.9360,17.9898
test_00069,12.0116,15.3861
test_00070,13.1195,16.1634
test_00071,8.5144,12.3632
test_00072,12.2967,15.4331
test_00073,14.4987,17.8703
test_00074,13.0839,17.2037
test_00075,15.6193,19.0234
test_00076,16.4548,20.1394
test_00077,13.2670,16.5627
test_00078,14.3716,17.7342
test_00079,14.5752,18.3125
test_00080,15.3068,18.6181
test_00081,15.6368,18.7187
test_00082,15.4332,18.6276
test_00083,13.4259,17.1725
test_00084,12.6060,15.8181
test_00085,14.3486,17.3713
test_00086,15.7281,19.0691
test_00087,14.4311,17.5763
test_00088,15.2217,18.3761
test_00089,16.4309,19.8878
test_00090,14.9893,18.4190
test_00091,12.4654,15.5371
test_00092,13.8797,17.7272
test_00093,10.7531,14.0203
test_00094,12.7684,16.0652
test_00095,16.4695,19.4602
test_00096,13.6297,16.7892
test_00097,13.8440,16.9966
test_00098,14.7356,17.5965
test_00099,16.4868,19.7937
test_00100,16.3592,19.5519
test_00101,15.7779,19.0449
test_00102,14.7040,17.8315
test_00103,13.4780,17.3072
test_00104,12.3829,15.8922
test_00105,14.8696,18.1325
test_00106,15.8767,19.3875
test_00107,15.0491,18.1587
test_00108,18.0649,21.3688
test_00109,15.9162,19.0464
test_00110,11.1361,14.3514
test_00111,14.4608,17.9921
test_00112,15.5944,18.6972
test_00113,15.5630,18.6107
test_00114,12.6678,15.9746
test_00115,15.6159,18.6824
test_00116,15.7828,18.8369
test_00117,12.2341,15.4054
test_00118,13.4413,16.4715
test_00119,15.4003,18.5321
test_00120,16.2312,19.4333
test_00121,13.8675,17.1365
test_00122,12.0447,15.5805
test_00123,13.1017,16.3861
test_00124,16.8064,19.9164
test_00125,14.5648,17.9733
test_00126,17.0591,20.5385
test_00127,14.4854,17.9610
test_00128,15.0477,18.4679
test_00129,14.8707,18.3174
test_00130,14.7442,18.0867
test_00131,15.4886,19.2252
test_00132,16.6568,20.0222
test_00133,12.2033,15.3309
test_00134,14.8640,18.1231
test_00135,10.3866,13.5095
test_00136,14.5431,17.8279
test_00137,15.1435,18.3449
test_00138,17.1181,20.1628
test_00139,14.1909,17.4631
test_00140,15.3146,18.5196
test_00141,13.1276,16.3251
test_00142,14.8209,18.0411
test_00143,16.9611,20.1316
test_00144,13.6133,16.8306
test_00145,13.8030,16.9285
test_00146,15.3434,18.6897
test_00147,17.2689,20.4520
test_00148,15.0742,18.2060
test_00149,12.1275,15.2372
test_00150,13.0528,16.3854
test_00151,15.0299,18.0764
test_00152,13.9255,17.1645
test_00153,13.6192,16.9902
test_00154,13.0754,16.1058
test_00155,17.0149,20.3064
test_00156,13.5400,16.7332
test_00157,14.8886,18.1389
test_00158,13.4704,16.8857
test_00159,13.3439,16.8961
test_00160,14.6021,17.8543
test_00161,13.4000,17.4461
test_00162,16.8931,20.3503
test_00163,11.3708,14.6481
test_00164,11.4958,14.6714
test_00165,12.7609,16.2858
test_00166,13.3706,16.5354
test_00167,11.1125,14.1740
test_00168,9.0877,12.6898
test_00169,14.9241,18.1618
test_00170,13.6375,16.6022
test_00171,15.2055,18.9373
test_00172,15.9079,19.4808
test_00173,11.5521,14.7955
test_00174,12.6055,16.1290
test_00175,16.9861,20.0231
test_00176,12.9135,16.0501
test_00177,15.4783,18.9210
test_00178,14.0623,17.4549
test_00179,13.7751,17.3686
test_00180,14.1457,17.5568
test_00181,14.3221,17.3905
test_00182,14.5119,17.6922
test_00183,15.2172,18.6863
test_00184,15.1193,18.2547
test_00185,12.6863,15.9420
test_00186,14.8755,17.7821
test_00187,13.5340,16.7446
test_00188,16.0798,19.1905
test_00189,16.6032,20.2339
test_00190,14.1508,17.6445
test_00191,16.9395,20.3504
test_00192,12.4466,16.3861
test_00193,15.0551,18.2552
test_00194,16.3309,19.3746
test_00195,15.6799,18.7384
test_00196,13.1953,16.5104
test_00197,14.9160,17.8954
test_00198,13.1546,16.6680
test_00199,16.7830,20.8627
test_00200,14.3148,17.5027
test_00201,16.0207,19.7376
test_00202,14.1949,17.6499
test_00203,13.3590,16.5039
test_00204,14.9325,18.1757
test_00205,15.6840,19.1041
test_00206,14.3093,17.3794
test_00207,14.7077,17.9559
test_00208,13.8671,16.9826
test_00209,13.3996,16.5350
test_00210,13.0266,16.0498
test_00211,15.6781,18.8545
test_00212,14.0906,17.7829
test_00213,14.1840,17.3788
test_00214,16.0174,19.4084
test_00215,16.8075,20.1583
test_00216,14.8117,18.4337
test_00217,14.2614,17.3477
test_00218,11.1753,14.5821
test_00219,14.3761,18.1331
test_00220,13.9531,16.9725
test_00221,16.2045,19.3289
test_00222,14.6363,18.1778
test_00223,13.7208,17.2869
test_00224,13.9471,17.1895
test_00225,14.1613,17.3570
test_00226,16.3212,19.6482
test_00227,15.3690,18.9725
test_00228,13.9183,17.0001
test_00229,15.3463,18.5119
test_00230,16.1531,19.5036
test_00231,14.2356,17.3288
test_00232,10.7871,14.0034
test_00233,10.7538,14.7878
test_00234,16.4379,19.4729
test_00235,14.5788,17.8953
test_00236,13.0553,17.3050
test_00237,15.8883,19.0398
test_00238,13.6973,16.8313
test_00239,12.4030,16.1262
test_00240,13.9012,17.3615
test_00241,14.3856,17.4598
test_00242,17.5541,20.8277
test_00243,14.3980,17.5114
test_00244,13.1674,16.5716
test_00245,13.7690,16.9406
test_00246,15.3827,19.1222
test_00247,12.3381,15.5993
test_00248,14.5198,17.8998
test_00249,15.8646,19.0033
test_00250,14.3316,17.3746
test_00251,16.4324,20.1969
test_00252,16.3623,19.4923
test_00253,15.4050,18.4420
test_00254,10.5399,13.7318
test_00255,15.5972,18.8402
test_00256,13.2911,16.3084
test_00257,17.0461,20.2458
test_00258,15.3660,18.9159
test_00259,15.1513,18.3586
test_00260,16.1548,19.2244
test_00261,16.2505,19.4816
test_00262,15.6862,19.0035
test_00263,13.9033,17.0397
test_00264,14.8626,18.2313
test_00265,14.3963,17.8360
test_00266,14.1549,17.4187
test_00267,14.9439,18.0857
test_00268,15.8682,19.0356
test_00269,13.2461,16.8552
test_00270,15.2508,18.5235
test_00271,15.3342,18.5315
test_00272,14.9659,18.2097
test_00273,15.2696,18.4157
test_00274,12.0550,15.1974
test_00275,12.6740,15.8887
test_00276,14.6334,17.5890
test_00277,13.7803,17.2368
test_00278,15.3404,18.3576
test_00279,9.8692,13.4971
test_00280,14.9140,17.9805
test_00281,12.9773,16.1531
test_00282,12.2441,15.3469
test_00283,14.4400,17.5296
test_00284,14.6558,17.7502
test_00285,13.1458,16.4897
test_00286,11.7184,15.1040
test_00287,15.8437,19.1557
test_00288,16.1390,19.6033
test_00289,14.7096,17.9768
test_00290,14.6833,18.0556
test_00291,14.4658,17.7441
test_00292,16.6252,19.7002
test_00293,13.5202,16.7838
test_00294,16.2620,19.5803
test_00295,11.8907,15.1589
test_00296,14.8465,18.0074
test_00297,15.9079,19.3402
test_00298,12.5116,15.5340
test_00299,14.9251,18.2195
test_00300,11.4707,14.8139
test_00301,13.3141,16.3599
test_00302,16.7041,19.8916
test_00303,12.9849,16.4491
test_00304,12.7644,16.3575
test_00305,13.4523,17.0914
test_00306,13.6574,16.8609
test_00307,13.7907,16.9706
test_00308,13.4796,16.7355
test_00309,13.4178,16.6591
test_00310,11.3294,14.2936
test_00311,15.7524,19.0617
test_00312,12.6500,15.9639
test_00313,12.4648,15.9593
test_00314,13.8137,17.0422
test_00315,14.5483,18.2740
test_00316,14.5028,18.6818
test_00317,12.4357,15.6113
test_00318,14.9436,18.7188
test_00319,13.5060,17.0147
test_00320,13.1450,16.3589
test_00321,14.6506,17.9466
test_00322,16.7845,20.4598
test_00323,13.4832,16.6608
test_00324,13.8908,17.1997
test_00325,16.1804,20.4171
test_00326,16.7680,19.9603
test_00327,14.5014,17.5525
test_00328,18.6820,21.7541
test_00329,15.1167,18.6503
test_00330,11.2417,14.9798
test_00331,14.0539,17.0962
test_00332,14.5036,18.5118
test_00333,13.4796,16.7981
test_00334,14.5304,17.8070
test_00335,13.3057,16.4767
test_00336,14.8271,18.2182
test_00337,15.5831,18.9943
test_00338,15.9559,18.9425
test_00339,10.8458,14.1590
test_00340,13.1484,16.6247
test_00341,13.6681,16.8895
test_00342,14.3876,17.6251
test_00343,14.7611,18.0711
test_00344,14.8151,17.9306
test_00345,14.8616,17.8780
test_00346,15.6548,19.0254
test_00347,16.3313,19.8748
test_00348,15.5485,18.9235
test_00349,11.6399,14.7151
test_00350,15.4016,18.7057
test_00351,12.3450,15.4876
test_00352,13.7990,17.6122
test_00353,14.7073,17.8756
test_00354,14.6989,18.0732
test_00355,14.7707,18.1960
test_00356,7.3413,10.4662
test_00357,15.1692,19.0069
test_00358,14.7874,18.0247
test_00359,16.2953,19.5247
test_00360,9.1691,12.5372
test_00361,13.3945,16.4075
test_00362,15.1553,18.1403
test_00363,14.1708,17.8561
test_00364,14.2968,17.2761
test_00365,15.5816,19.0076
test_00366,13.9759,17.0937
test_00367,15.1314,18.5360
test_00368,13.5792,16.7990
test_00369,14.0230,17.1721
test_00370,14.5820,17.9721
test_00371,13.8060,17.2750
test_00372,12.3552,15.4467
test_00373,15.4097,19.1286
test_00374,14.0485,17.2710
test_00375,15.2188,18.3604
test_00376,15.1070,18.3409
test_00377,16.5834,19.8058
test_00378,16.7129,20.0815
test_00379,15.4800,19.0442
test_00380,15.9249,19.0533
test_00381,15.7669,18.7846
test_00382,14.2777,17.7821
test_00383,11.9522,15.1855
test_00384,16.2217,19.2346
test_00385,14.1477,17.3117
test_00386,16.1496,19.1893
test_00387,15.7340,18.8120
test_00388,16.1340,19.2892
test_00389,12.5607,15.5974
test_00390,13.9411,17.0846
test_00391,15.8754,19.2015
test_00392,15.7416,19.4569
test_00393,15.8252,19.1251
test_00394,16.3286,19.5903
test_00395,15.6635,18.8788
test_00396,13.1679,16.2813
test_00397,15.4571,18.7551
test_00398,15.1405,17.9598
test_00399,15.2367,18.3445
test_00400,15.5472,18.8922
test_00401,14.8887,17.7436
test_00402,12.4097,15.7476
test_00403,15.2595,18.3811
test_00404,13.8825,16.9979
test_00405,14.7862,18.6560
test_00406,13.6658,16.7103
test_00407,13.7467,17.1840
test_00408,15.3031,18.6860
test_00409,14.4518,17.8674
test_00410,15.9587,18.9383
test_00411,13.1114,16.5069
test_00412,14.6823,18.4455
test_00413,16.1944,19.9958
test_00414,16.1364,19.1928
test_00415,16.9541,20.4218
test_00416,14.1496,17.4032
test_00417,13.3796,16.6312
test_00418,16.5456,19.8480
test_00419,14.3225,17.4337
test_00420,15.3028,18.6205
test_00421,14.8015,18.0405
test_00422,16.9802,20.4790
test_00423,12.0357,15.3098
test_00424,15.4453,18.7400
test_00425,13.2853,16.5154
test_00426,14.3455,17.4033
test_00427,16.7882,20.4315
test_00428,11.7687,14.9349
test_00429,12.4073,15.4901
test_00430,13.9183,17.0639
test_00431,13.3903,16.8804
test_00432,13.3866,16.8461
test_00433,13.4181,17.0788
test_00434,14.5327,17.7190
test_00435,16.0133,19.0186
test_00436,13.6331,16.9205
test_00437,15.6457,18.8706
test_00438,13.4659,16.4189
test_00439,14.4241,17.4471
test_00440,14.5082,17.3391
test_00441,10.0954,13.4436
test_00442,14.4294,17.5711
test_00443,15.4193,18.8117
test_00444,14.7067,18.0223
test_00445,14.5590,17.7542
test_00446,15.3572,18.5757
test_00447,12.1028,15.1144
test_00448,15.2191,18.4627
test_00449,13.5743,16.9663
test_00450,13.0275,15.7916
test_00451,16.5309,19.6378
test_00452,14.8162,18.3312
test_00453,14.0469,17.1244
test_00454,16.0980,19.1965
test_00455,15.0747,18.2079
test_00456,16.5105,19.5184
test_00457,14.2430,17.7251
test_00458,12.4578,15.6594
test_00459,13.5654,16.8199
test_00460,15.8273,19.4318
test_00461,16.0566,19.2232
test_00462,13.3398,16.4202
test_00463,12.7076,15.7596
test_00464,11.3192,14.8633
test_00465,14.5097,17.5162
test_00466,16.0604,19.3193
test_00467,12.9173,16.4438
test_00468,13.5169,16.8801
test_00469,12.0310,15.2382
test_00470,14.4090,17.8034
test_00471,16.1768,19.4412
test_00472,16.6967,19.9837
test_00473,14.3852,17.7360
test_00474,15.5398,19.0875
test_00475,12.3932,15.4770
test_00476,15.0418,18.3304
test_00477,15.1383,18.2711
test_00478,14.7975,18.3008
test_00479,9.7886,13.1042
test_00480,14.8773,17.9210
test_00481,11.8203,14.8146
test_00482,12.4403,15.4847
test_00483,14.3259,17.7797
test_00484,16.5732,19.6982
test_00485,13.8190,17.2085
test_00486,13.1635,16.3648
test_00487,13.6659,17.5080
test_00488,13.8324,16.9506
test_00489,14.8493,18.2074
test_00490,14.3125,18.2185
test_00491,12.7051,15.8013
test_00492,14.1922,17.7994
test_00493,13.6620,17.2723
test_00494,14.3727,17.7672
test_00495,14.3496,18.7017
test_00496,14.4576,17.6389
test_00497,14.5196,17.8928
test_00498,13.1320,16.5253
test_00499,12.6297,16.0267
test_00500,13.9284,17.1359
test_00501,14.4078,17.5578
test_00502,12.8588,16.0492
test_00503,15.3774,18.8461
test_00504,14.3118,17.5532
test_00505,15.9409,19.7207
test_00506,14.8214,18.1054
test_00507,16.8221,20.2256
test_00508,13.6272,16.7883
test_00509,11.1622,14.7883
test_00510,14.7067,17.8854
test_00511,15.2728,18.5123
test_00512,14.8159,18.5316
test_00513,15.9584,19.4335
test_00514,16.2870,19.5369
test_00515,13.8122,17.2329
test_00516,16.1680,19.4400
test_00517,11.8451,14.9727
test_00518,13.3502,16.4602
test_00519,13.3925,16.4771
test_00520,14.7596,17.9360
test_00521,15.3102,18.6635
test_00522,15.1158,18.3577
test_00523,13.8302,17.0618
test_00524,12.8526,16.0352
test_00525,14.7002,18.3448
test_00526,13.3908,16.8658
test_00527,15.8068,19.7498
test_00528,15.2780,18.6818
test_00529,12.5056,15.7245
test_00530,13.7544,17.0252
test_00531,13.5482,17.0510
test_00532,13.9189,17.0787
test_00533,14.2076,17.4269
test_00534,13.3179,16.9075
test_00535,14.5141,17.8592
test_00536,13.4965,16.9053
test_00537,14.0433,17.3636
test_00538,13.7633,16.8745
test_00539,15.1348,18.3943
test_00540,14.1138,17.6210
test_00541,10.8873,13.9479
test_00542,14.7704,18.3308
test_00543,15.5318,19.1313
test_00544,14.6955,18.2823
test_00545,13.8539,16.8836
test_00546,15.8111,18.9474
test_00547,14.9152,18.1587
test_00548,2.5555,5.5827
test_00549,13.0736,16.9301
test_00550,5.8064,9.4024
test_00551,14.2088,17.5753
test_00552,13.7705,16.9215
test_00553,13.3298,16.7549
test_00554,12.8324,16.4529
test_00555,15.2014,18.4756
test_00556,12.7259,16.4926
test_00557,16.9792,20.2266
test_00558,15.6648,18.6909
test_00559,16.8921,20.1136
test_00560,14.7728,17.7375
test_00561,13.3652,16.5858
test_00562,11.4629,14.6522
test_00563,12.6128,15.9194
test_00564,14.8854,17.9476
test_00565,9.9170,13.6103
test_00566,12.4931,15.6522
test_00567,14.5982,17.6632
test_00568,13.1293,16.3709
test_00569,12.4414,16.1225
test_00570,14.4014,17.7202
test_00571,15.7345,18.7973
test_00572,16.3608,19.9403
test_00573,15.6029,18.6412
test_00574,14.8056,18.5906
test_00575,15.9861,19.3744
test_00576,14.4228,17.5125
test_00577,7.2615,10.5328
test_00578,14.8088,17.8800
test_00579,11.7614,14.8590
test_00580,16.0126,18.9991
test_00581,10.4660,13.4673
test_00582,15.1025,18.3575
test_00583,13.6927,16.7773
test_00584,14.2857,17.6708
test_00585,12.4906,15.7185
test_00586,15.8421,19.0664
test_00587,14.6229,18.7179
test_00588,13.8079,17.1087
test_00589,12.2726,15.5455
test_00590,16.6918,19.9567
test_00591,16.0360,19.0983
test_00592,15.3422,18.8631
test_00593,14.6206,17.7964
test_00594,13.0096,16.4984
test_00595,16.1977,19.2814
test_00596,14.7093,18.0762
test_00597,16.6230,19.8071
test_00598,13.8767,16.9276
test_00599,15.4294,18.5096
test_00600,15.6807,19.0209
test_00601,15.7729,19.0841
test_00602,13.3602,17.2163
test_00603,15.5548,18.6396
test_00604,13.6713,16.9005
test_00605,11.2104,14.8439
test_00606,14.3545,17.7067
test_00607,15.9492,19.2904
test_00608,12.1145,15.0424
test_00609,15.4026,18.7181
test_00610,13.6595,16.6927
test_00611,13.0219,16.0595
test_00612,13.4584,16.7429
test_00613,13.0503,16.2419
test_00614,13.5109,16.7833
test_00615,16.0598,19.4851
test_00616,14.4352,17.6653
test_00617,15.1304,18.2956
test_00618,14.9563,18.0806
test_00619,16.5195,19.5969
test_00620,14.5281,17.9424
test_00621,16.6497,20.2204
test_00622,18.5234,21.5922
test_00623,13.5955,16.6796
test_00624,14.9725,18.4185
test_00625,14.0504,17.5868
test_00626,17.7164,20.8041
test_00627,16.2850,19.4415
test_00628,15.5709,18.7822
test_00629,16.3514,19.3752
test_00630,13.0914,16.2289
test_00631,15.1768,18.3996
test_00632,15.9455,19.3099
test_00633,12.0377,15.3534
test_00634,12.4062,15.6166
test_00635,15.4005,18.7249
test_00636,17.5907,20.6292
test_00637,16.2515,19.2732
test_00638,11.8704,15.5102
test_00639,16.0354,19.0836
test_00640,14.5565,18.2032
test_00641,13.4693,16.7118
test_00642,12.1591,15.4693
test_00643,14.8084,18.0843
test_00644,15.0403,18.2668
test_00645,12.7522,15.9362
test_00646,14.7938,18.4411
test_00647,14.3317,18.2552
test_00648,15.7495,19.2422
test_00649,15.1400,18.1644
test_00650,13.0234,16.2172
test_00651,15.8823,19.0022
test_00652,15.9799,19.1740
test_00653,14.6606,17.8014
test_00654,13.5609,16.6275
test_00655,16.1631,20.1667
test_00656,12.8793,16.3944
test_00657,13.1094,16.6150
test_00658,14.0492,17.1402
test_00659,16.0382,19.0864
test_00660,13.0671,16.4488
test_00661,14.4746,17.5606
test_00662,13.7191,16.8236
test_00663,15.0811,18.3404
test_00664,13.2419,17.0891
test_00665,15.6878,18.7496
test_00666,13.6793,16.9845
test_00667,15.4142,18.6343
test_00668,15.0661,18.2899
test_00669,16.3658,19.7780
test_00670,14.7416,18.0405
test_00671,12.6589,16.2298
test_00672,15.0489,18.3649
test_00673,14.2119,17.4420
test_00674,15.5076,18.3878
test_00675,14.7238,17.8662
test_00676,14.0944,17.6596
test_00677,15.3416,18.7134
test_00678,11.6534,14.8907
test_00679,13.6931,17.2438
test_00680,14.8833,18.4660
test_00681,14.4456,17.4831
test_00682,12.4375,16.2762
test_00683,9.9274,13.4128
test_00684,13.7346,17.1426
test_00685,11.9853,14.9200
test_00686,13.4151,16.5256
test_00687,11.0538,14.3021
test_00688,13.1795,16.3056
test_00689,15.8986,19.0034
test_00690,11.3946,14.9478
test_00691,14.8051,18.2235
test_00692,11.6325,14.6704
test_00693,14.0310,17.7798
test_00694,12.6990,15.8136
test_00695,13.0808,16.1459
test_00696,12.0523,15.7651
test_00697,12.9048,16.5488
test_00698,15.4272,18.6456
test_00699,9.6193,12.8259
test_00700,15.3024,18.5127
test_00701,15.5119,18.8398
test_00702,12.1551,15.7876
test_00703,12.8035,15.8607
test_00704,12.9464,16.2877
test_00705,14.3628,17.5230
test_00706,12.3685,15.4615
test_00707,13.0904,16.2173
test_00708,15.7538,18.8803
test_00709,11.8448,14.9259
test_00710,17.9599,21.0201
test_00711,14.6215,18.0300
test_00712,15.7132,19.0819
test_00713,12.9037,16.1145
test_00714,14.8112,18.3572
test_00715,14.9337,18.6942
test_00716,15.1005,18.2047
test_00717,14.5682,18.0253
test_00718,5.2548,8.1920
test_00719,15.9580,19.3167
test_00720,15.0712,18.2970
test_00721,17.2129,20.3764
test_00722,15.1279,18.4170
test_00723,15.3170,18.5942
test_00724,15.4457,18.6527
test_00725,16.8225,20.0543
test_00726,14.3120,17.3675
test_00727,15.6866,19.0210
test_00728,14.2823,17.4515
test_00729,15.3038,18.4308
test_00730,15.5653,18.6065
test_00731,15.4205,18.4213
test_00732,15.8341,19.0450
test_00733,15.9196,19.2439
test_00734,16.0546,19.7960
test_00735,13.3084,16.7708
test_00736,13.0580,16.0775
test_00737,15.2226,18.4980
test_00738,13.5681,16.7520
test_00739,14.1641,17.8807
test_00740,18.2129,21.6781
test_00741,15.3612,18.4884
test_00742,14.8110,17.9924
test_00743,10.2179,13.5005
test_00744,16.0541,20.0414
test_00745,11.6198,14.9987
test_00746,12.7336,16.1068
test_00747,15.9169,19.0881
test_00748,12.6997,16.2061
test_00749,12.5366,15.6498
test_00750,13.4762,17.0244
test_00751,13.2593,16.6619
test_00752,14.6135,17.8541
test_00753,15.5604,18.9725
test_00754,13.0769,16.2562
test_00755,14.8168,18.1538
test_00756,13.8980,17.5579
test_00757,13.5166,16.7755
test_00758,14.5594,18.0762
test_00759,14.8273,18.4708
test_00760,10.5688,14.3623
test_00761,15.4556,18.3043
test_00762,13.5509,16.7838
test_00763,15.6332,18.7474
test_00764,12.4159,15.5682
test_00765,16.1857,19.4922
test_00766,11.9594,15.4745
test_00767,14.9488,18.1719
test_00768,8.6764,12.0284
test_00769,13.1155,16.3001
test_00770,13.3081,16.3521
test_00771,15.5610,18.8332
test_00772,16.8699,20.1162
test_00773,13.1331,16.2920
test_00774,15.5543,18.6290
test_00775,14.4536,17.9802
test_00776,13.8250,16.9322
test_00777,13.8644,17.0417
test_00778,11.7529,15.4476
test_00779,13.7604,17.2625
test_00780,15.7288,18.6573
test_00781,13.2947,16.6580
test_00782,13.7250,17.0028
test_00783,13.2901,16.4702
test_00784,13.1448,16.6610
test_00785,14.3764,17.6690
test_00786,12.6192,15.7324
test_00787,12.7502,16.1216
test_00788,12.4526,16.4086
test_00789,14.5642,18.0654
test_00790,14.6454,17.6721
test_00791,16.4122,19.2943
test_00792,13.8438,17.8672
test_00793,15.7520,19.5568
test_00794,14.8723,18.1861
test_00795,14.3440,17.9339
test_00796,11.8905,15.5874
test_00797,11.8333,14.9810
test_00798,13.8437,17.3402
test_00799,12.8253,16.0648
test_00800,15.7369,19.6704
test_00801,14.6494,17.8496
test_00802,13.0380,16.3211
test_00803,13.6655,17.2768
test_00804,14.2223,17.5070
test_00805,15.0645,18.2671
test_00806,12.5613,15.6493
test_00807,15.5994,18.8422
test_00808,13.2707,16.3747
test_00809,15.2928,18.4534
test_00810,15.4152,18.6862
test_00811,15.4166,18.7034
test_00812,13.9054,16.9842
test_00813,17.4441,20.5898
test_00814,13.2965,16.7134
test_00815,16.1267,19.4422
test_00816,15.4427,18.6675
test_00817,15.3994,19.1027
test_00818,16.5345,20.4625
test_00819,13.4805,16.9029
test_00820,12.7621,16.0551
test_00821,14.7155,17.6872
test_00822,12.9884,16.5695
test_00823,15.1960,18.6665
test_00824,16.0092,19.1386
test_00825,13.4865,17.1442
test_00826,16.9926,20.0936
test_00827,14.5611,17.8944
test_00828,15.0965,18.2398
test_00829,14.8878,19.0589
test_00830,15.8898,18.8721
test_00831,12.7323,16.2626
test_00832,10.8413,14.1212
test_00833,14.2864,17.3771
test_00834,15.9044,19.0305
test_00835,14.6650,17.8138
test_00836,12.4376,15.6692
test_00837,14.7012,18.1537
test_00838,15.8563,18.9588
test_00839,11.6639,14.8192
test_00840,12.1059,16.1476
test_00841,15.5597,18.6020
test_00842,11.1931,15.2740
test_00843,15.1091,18.1273
test_00844,16.1851,19.6794
test_00845,16.5314,19.9226
test_00846,14.9853,18.4314
test_00847,11.6903,15.0038
test_00848,16.0368,19.2572
test_00849,14.0595,17.2605
test_00850,15.2795,18.4673
test_00851,13.3695,16.9470
test_00852,12.5341,15.8076
test_00853,14.2909,17.6819
test_00854,15.3927,18.7887
test_00855,13.2553,16.5007
test_00856,13.8285,17.3505
test_00857,12.7605,15.9888
test_00858,15.7523,18.8729
test_00859,14.4532,17.5854
test_00860,14.5509,17.7172
test_00861,16.3971,19.5058
test_00862,14.1664,17.1715
test_00863,14.2989,17.4144
test_00864,13.6320,16.9037
test_00865,14.5619,18.1022
test_00866,15.3071,18.8430
test_00867,15.7769,19.1213
test_00868,12.3242,15.5134
test_00869,12.0034,15.3236
test_00870,13.2948,16.6008
test_00871,15.5501,18.6932
test_00872,8.8920,12.0404
test_00873,15.4037,18.7524
test_00874,13.1475,16.7441
test_00875,15.5386,18.9721
test_00876,14.6348,18.1293
test_00877,15.1280,18.0694
test_00878,15.7331,18.7193
test_00879,15.4346,18.7240
test_00880,15.2227,18.6778
test_00881,15.3438,18.4911
test_00882,15.1115,18.1546
test_00883,16.4092,19.4679
test_00884,13.4091,16.9002
test_00885,14.4413,17.5548
test_00886,13.7693,17.1389
test_00887,14.3391,17.5567
test_00888,13.8504,16.8331
test_00889,16.6499,19.6246
test_00890,13.8916,17.2082
test_00891,13.0129,16.3733
test_00892,13.5553,16.9326
test_00893,13.3492,16.5916
test_00894,14.5426,17.6367
test_00895,13.8444,17.3758
test_00896,13.7547,16.9045
test_00897,15.2762,18.3696
test_00898,15.9595,18.9513
test_00899,17.5839,20.8278
test_00900,14.3473,17.6921
test_00901,16.1677,19.2421
test_00902,14.8646,18.0337
test_00903,12.0016,15.2357
test_00904,17.0290,20.1530
test_00905,11.9772,14.9979
test_00906,15.5439,18.5727
test_00907,15.0572,18.4464
test_00908,15.5036,18.5012
test_00909,15.2053,18.7377
test_00910,14.2176,17.6011
test_00911,13.5525,16.5565
test_00912,11.8731,15.0196
test_00913,14.0889,17.6293
test_00914,14.5775,17.9109
test_00915,16.4762,19.7405
test_00916,14.2244,17.5147
test_00917,12.0196,15.4606
test_00918,15.5705,18.9488
test_00919,15.3111,18.6714
test_00920,14.5652,17.5446
test_00921,14.3526,17.5002
test_00922,14.5272,18.0401
test_00923,12.5906,15.7998
test_00924,11.8984,15.2367
test_00925,14.9257,17.9782
test_00926,14.7698,18.4942
test_00927,12.4719,15.9361
test_00928,15.5016,18.7363
test_00929,11.6234,15.5071
test_00930,13.1195,16.1559
test_00931,14.1666,17.2556
test_00932,17.1983,20.2686
test_00933,15.7539,19.2246
test_00934,3.1980,6.7697
test_00935,13.8474,17.1446
test_00936,14.6498,18.1805
test_00937,15.8927,19.2707
test_00938,16.8136,20.0087
test_00939,15.7595,19.0028
test_00940,13.3894,16.9574
test_00941,14.0794,17.3437
test_00942,5.5166,9.1630
test_00943,12.3726,15.8469
test_00944,12.6943,15.8934
test_00945,15.2419,18.5377
test_00946,14.8994,18.0504
test_00947,14.2450,17.4574
test_00948,13.3661,16.3235
test_00949,13.3865,16.5951
test_00950,14.4329,17.6976
test_00951,11.6545,14.9249
test_00952,12.9605,16.2474
test_00953,15.6289,18.9244
test_00954,14.1719,17.3523
test_00955,13.6757,16.7121
test_00956,15.2459,18.6138
test_00957,11.3797,14.7614
test_00958,15.5413,18.6897
test_00959,15.1376,18.5797
test_00960,16.4007,20.2122
test_00961,14.3986,17.5433
test_00962,-1.7031,1.5910
test_00963,11.5323,15.0666
test_00964,14.3469,17.5975
test_00965,15.5797,18.9534
test_00966,14.8609,17.8663
test_00967,17.1945,20.3869
test_00968,12.1235,15.5272
test_00969,13.9195,17.1958
test_00970,12.7647,15.8575
test_00971,15.9471,19.0330
test_00972,16.4059,19.8569
test_00973,14.5387,17.9606
test_00974,15.2263,18.5092
test_00975,16.2184,19.6151
test_00976,12.8852,16.2635
test_00977,15.5970,19.2026
test_00978,15.5981,19.0513
test_00979,13.6198,16.6809
test_00980,12.3235,15.7589
test_00981,14.1102,17.1361
test_00982,12.8651,15.8213
test_00983,11.5582,15.4458
test_00984,15.4349,18.7618
test_00985,16.3595,19.5908
test_00986,13.6058,17.1492
test_00987,14.6031,17.7675
test_00988,13.3015,16.5817
test_00989,15.0746,18.1547
test_00990,12.2046,15.6552
test_00991,17.2319,20.1969
test_00992,14.6355,18.5244
test_00993,15.2755,18.7225
test_00994,15.0311,18.9955
test_00995,14.0857,17.3615
test_00996,14.1409,17.2284
test_00997,13.1302,16.3174
test_00998,14.2090,17.3413
test_00999,13.8418,16.9164
test_01000,15.5587,19.1336
test_01001,16.8294,20.1895
test_01002,16.5642,19.5384
test_01003,12.9296,16.1587
test_01004,15.7375,19.2110
test_01005,14.9796,18.4164
test_01006,15.9218,19.1534
test_01007,16.7397,19.8251
test_01008,10.9891,14.5944
test_01009,16.3809,20.2631
test_01010,10.1031,13.5555
test_01011,14.4383,17.5714
test_01012,14.2102,18.0279
test_01013,13.7010,17.0100
test_01014,14.7947,18.6573
test_01015,13.4117,16.6790
test_01016,14.2212,17.3433
test_01017,14.7054,17.9432
test_01018,15.7945,19.2037
test_01019,16.0391,19.3371
test_01020,14.7279,17.6983
test_01021,13.2782,16.5161
test_01022,13.3718,16.9835
test_01023,13.4774,16.8330
test_01024,13.9221,17.2217
test_01025,11.3061,14.4814
test_01026,12.9001,16.0769
test_01027,12.7105,16.0853
test_01028,11.7986,14.8579
test_01029,16.3781,19.6586
test_01030,7.3959,10.7857
test_01031,14.4758,17.5909
test_01032,12.1186,15.1984
test_01033,13.3408,16.6730
test_01034,13.7666,16.8926
test_01035,16.0451,19.3630
test_01036,15.7973,18.8943
test_01037,14.6687,18.1762
test_01038,16.2607,19.5200
test_01039,15.9409,19.5768
test_01040,13.5443,16.8881
test_01041,14.3993,17.6447
test_01042,15.0445,18.5648
test_01043,13.0387,16.8959
test_01044,14.8808,18.0399
test_01045,12.5474,15.8781
test_01046,16.0868,19.1671
test_01047,14.3803,18.0041
test_01048,12.3409,15.6942
test_01049,15.1199,18.8229
test_01050,16.2658,19.2564
test_01051,12.1582,15.4205
test_01052,14.0721,17.2537
test_01053,13.9798,17.0324
test_01054,15.8160,18.9212
test_01055,12.3529,15.9855
test_01056,14.1967,17.6460
test_01057,13.9287,17.0293
test_01058,8.4920,11.6547
test_01059,14.4599,17.8171
test_01060,13.5537,17.4752
test_01061,14.9166,18.3882
test_01062,13.2327,16.5417
test_01063,13.4874,16.6889
test_01064,18.5336,21.8415
test_01065,15.9789,19.4701
test_01066,11.8492,14.9303
test_01067,13.4975,16.8262
test_01068,13.5066,16.7922
test_01069,15.7023,18.8687
test_01070,13.8026,17.6205
test_01071,14.9525,17.9186
test_01072,14.8264,17.9177
test_01073,10.8449,13.9060
test_01074,13.4432,16.9613
test_01075,17.1143,20.5191
test_01076,12.5417,16.1590
test_01077,15.9617,18.9896
test_01078,12.1147,16.1303
test_01079,15.3180,18.4476
test_01080,9.6414,12.6985
test_01081,11.2296,14.5722
test_01082,12.5925,15.6794
test_01083,13.9111,17.6959
test_01084,14.8449,17.9047
test_01085,11.2682,15.1303
test_01086,15.7675,19.1756
test_01087,12.3661,15.8803
test_01088,15.4753,18.5714
test_01089,14.4753,17.6884
test_01090,12.7355,16.5271
test_01091,15.2687,18.4972
test_01092,11.9978,15.4846
test_01093,17.4961,20.5241
test_01094,16.1742,19.5315
test_01095,15.1227,18.1721
test_01096,13.0450,16.4751
test_01097,12.7623,16.2699
test_01098,16.0794,19.2277
test_01099,16.7928,20.3596
test_01100,15.5760,18.5294
test_01101,15.6330,19.8272
test_01102,15.1860,18.4008
test_01103,14.5302,17.9083
test_01104,15.4358,18.6474
test_01105,14.8907,18.4865
test_01106,14.2257,17.3984
test_01107,15.1090,18.3658
test_01108,13.4623,16.6042
test_01109,14.8815,18.0341
test_01110,12.3614,15.5492
test_01111,15.7816,19.1880
test_01112,14.9903,18.1912
test_01113,14.5971,17.9178
test_01114,9.7415,13.7463
test_01115,13.0581,16.6860
test_01116,13.7498,17.5347
test_01117,13.6367,17.6055
test_01118,14.9767,18.3131
test_01119,13.1452,16.4885
test_01120,13.3942,16.9266
test_01121,12.7124,16.1268
test_01122,12.5783,15.5567
test_01123,14.2148,17.8756
test_01124,14.0765,17.2561
test_01125,17.6351,20.7635
test_01126,14.9056,18.0247
test_01127,12.3520,15.5511
test_01128,16.3608,19.4520
test_01129,16.1907,19.1078
test_01130,14.0801,17.4518
test_01131,17.8961,21.2401
test_01132,16.0706,19.3214
test_01133,12.8241,16.0949
test_01134,12.1606,15.2585
test_01135,14.6927,17.8211
test_01136,13.5036,16.6715
test_01137,13.1175,16.4584
test_01138,15.5905,18.9415
test_01139,13.1954,16.4457
test_01140,18.4202,21.7747
test_01141,12.7657,15.9155
test_01142,15.7906,19.0941
test_01143,16.2043,19.2144
test_01144,16.3831,20.1516
test_01145,13.5343,16.9462
test_01146,13.9445,17.0281
test_01147,14.1346,17.2480
test_01148,13.6111,16.9579
test_01149,15.5357,18.5556
test_01150,13.6532,16.6626
test_01151,14.9816,18.1396
test_01152,10.5163,14.3353
test_01153,14.7700,18.0159
test_01154,12.1903,15.6974
test_01155,14.6538,17.8442
test_01156,14.2854,17.4369
test_01157,14.7889,17.7122
test_01158,14.1553,17.6622
test_01159,13.1364,16.3871
test_01160,14.2443,17.4511
test_01161,15.8753,19.1082
test_01162,14.3648,18.0177
test_01163,15.1568,18.5430
test_01164,9.3890,12.4358
test_01165,12.3978,15.6183
test_01166,17.0599,20.0504
test_01167,15.5360,18.8794
test_01168,14.7014,17.7613
test_01169,12.5884,16.0043
test_01170,13.9326,17.4303
test_01171,14.8804,18.5962
test_01172,14.0239,17.2658
test_01173,7.5743,10.7542
test_01174,6.2121,9.4810
test_01175,12.0158,15.0912
test_01176,15.3634,18.5183
test_01177,10.9887,14.7400
test_01178,10.9692,14.2559
test_01179,12.8154,15.9504
test_01180,15.1222,18.8830
test_01181,15.8883,19.3937
test_01182,14.9247,18.3733
test_01183,15.2406,18.8163
test_01184,11.3604,14.4241
test_01185,15.2550,18.4940
test_01186,15.9312,19.5711
test_01187,15.2375,18.0760
test_01188,12.7603,16.0650
test_01189,12.6981,16.1963
test_01190,15.4036,18.4107
test_01191,14.7574,18.0848
test_01192,15.2437,18.1801
test_01193,14.1923,17.7832
test_01194,15.9970,19.4791
test_01195,14.4140,17.8764
test_01196,15.4716,18.8826
test_01197,13.7666,16.8298
test_01198,12.0869,15.5449
test_01199,13.9467,17.0897
test_01200,8.9602,13.1349
test_01201,13.5916,16.7581
test_01202,15.1647,18.2562
test_01203,14.2022,17.3512
test_01204,14.7199,17.7797
test_01205,15.9179,19.2783
test_01206,14.4061,17.4330
test_01207,16.0631,19.3278
test_01208,14.4590,18.0737
test_01209,15.0993,18.5953
test_01210,13.4221,16.9816
test_01211,15.1140,18.3373
test_01212,14.0994,17.2034
test_01213,12.9284,16.1260
test_01214,10.8839,14.1781
test_01215,14.6746,17.9886
test_01216,17.2393,20.5264
test_01217,14.2933,18.3580
test_01218,13.2239,16.3900
test_01219,15.0275,18.3945
test_01220,10.9757,14.3582
test_01221,15.1993,18.5762
test_01222,13.5950,17.0007
test_01223,15.6984,18.6490
test_01224,13.6371,17.0859
test_01225,9.5968,12.5552
test_01226,13.5071,16.5368
test_01227,15.7018,18.8267
test_01228,13.5081,16.6523
test_01229,16.1848,19.5353
test_01230,12.8319,15.9526
test_01231,15.1012,18.1604
test_01232,15.4187,18.6470
test_01233,12.2858,15.4640
test_01234,9.4765,12.6395
test_01235,14.5092,17.8552
test_01236,14.1208,17.1173
test_01237,16.2697,19.3610
test_01238,14.4262,17.9047
test_01239,10.7155,14.4088
test_01240,16.1652,19.3896
test_01241,11.4102,14.4854
test_01242,9.3398,12.5334
test_01243,13.3259,16.7975
test_01244,11.6515,14.6318
test_01245,13.8829,17.1054
test_01246,15.5626,19.0058
test_01247,16.3939,19.5062
test_01248,14.1384,17.4131
test_01249,13.1038,16.3723
test_01250,12.1276,15.1855
test_01251,13.3116,16.7063
test_01252,12.3142,15.8462
test_01253,14.0633,17.2720
test_01254,15.6285,19.3794
test_01255,3.2101,6.8136
test_01256,15.0009,18.2820
test_01257,15.9946,19.4636
test_01258,13.7467,16.8529
test_01259,16.1229,19.4562
test_01260,13.6456,16.7903
test_01261,14.1980,18.1061
test_01262,13.0539,16.3238
test_01263,9.8353,12.9416
test_01264,15.9519,19.6930
test_01265,15.7657,19.1127
test_01266,13.9104,17.2361
test_01267,14.5807,17.8174
test_01268,12.1007,15.4031
test_01269,15.6895,19.1232
test_01270,10.9815,13.9708
test_01271,16.2235,19.1362
test_01272,14.3599,17.5577
test_01273,12.3836,16.0197
test_01274,14.7133,17.7902
test_01275,13.2427,16.5709
test_01276,13.6447,17.0358
test_01277,15.2754,18.6424
test_01278,15.8702,18.9714
test_01279,11.9809,15.3191
test_01280,14.1942,17.6553
test_01281,16.1096,19.5078
test_01282,10.1855,13.9116
test_01283,12.0453,15.3550
test_01284,14.9649,18.9511
test_01285,14.8904,17.9799
test_01286,11.7332,15.5418
test_01287,15.8225,18.9352
test_01288,13.2050,16.7678
test_01289,10.9580,14.0826
test_01290,15.1759,18.5340
test_01291,14.0397,17.5587
test_01292,14.3569,17.5225
test_01293,14.5112,17.8616
test_01294,15.0611,18.1430
test_01295,15.8474,19.0435
test_01296,14.1060,17.3317
test_01297,13.9979,17.1610
test_01298,14.8098,17.8907
test_01299,15.3238,18.5468
test_01300,17.7771,21.3336
test_01301,16.7427,19.7634
test_01302,15.1621,18.7474
test_01303,13.8545,16.7407
test_01304,11.8926,15.1885
test_01305,15.4305,18.3834
test_01306,12.8499,16.1378
test_01307,14.7595,18.0830
test_01308,15.7539,19.0653
test_01309,15.8262,19.0792
test_01310,15.7262,18.9654
test_01311,14.4635,18.4482
test_01312,16.6092,19.9336
test_01313,16.8699,20.1567
test_01314,12.4892,15.5194
test_01315,13.9665,17.7032
test_01316,14.3727,17.7899
test_01317,12.8666,16.4913
test_01318,16.2366,20.1829
test_01319,12.8720,16.0851
test_01320,15.1074,18.1774
test_01321,14.7898,18.2703
test_01322,16.4334,19.5360
test_01323,13.8159,16.9553
test_01324,16.8703,20.0967
test_01325,15.7222,18.7642
test_01326,13.8191,17.1668
test_01327,14.0873,17.4819
test_01328,13.7289,17.0262
test_01329,14.4499,17.5852
test_01330,15.2264,18.1792
test_01331,16.2460,19.5112
test_01332,16.6068,19.6810
test_01333,14.8826,18.2093
test_01334,11.2024,14.2563
test_01335,11.9513,15.0450
test_01336,16.0653,19.4990
test_01337,14.6082,18.2332
test_01338,13.3907,16.7468
test_01339,14.9214,18.4396
test_01340,15.4235,18.6904
test_01341,13.1435,16.4080
test_01342,16.9823,20.3137
test_01343,14.0973,17.3281
test_01344,14.2507,17.2844
test_01345,17.1412,20.5580
test_01346,16.2692,19.4731
test_01347,12.6209,15.8745
test_01348,14.4616,17.6735
test_01349,13.7199,17.0619
test_01350,15.9610,19.3010
test_01351,12.7655,15.8585
test_01352,13.7624,16.9099
test_01353,12.7489,16.8533
test_01354,11.7024,14.9507
test_01355,14.0194,17.1984
test_01356,16.5228,19.8461
test_01357,13.9000,17.1487
test_01358,14.7245,18.1444
test_01359,3.0097,6.5556
test_01360,15.2698,18.5323
test_01361,11.7132,15.8154
test_01362,15.4538,18.6237
test_01363,13.9463,18.0181
test_01364,14.3928,17.6154
test_01365,15.2581,18.4182
test_01366,13.8598,17.4987
test_01367,11.4276,15.2286
test_01368,13.6660,16.7672
test_01369,15.6062,18.6969
test_01370,14.5296,17.6757
test_01371,7.7455,10.6601
test_01372,15.6297,18.8815
test_01373,11.7647,14.8218
test_01374,15.3561,18.6712
test_01375,14.9054,18.1045
test_01376,13.2656,16.3122
test_01377,13.0851,16.9251
test_01378,15.0122,18.1404
test_01379,14.2085,17.3955
test_01380,14.8806,17.9435
test_01381,13.4677,17.8529
test_01382,14.2056,17.6037
test_01383,14.3273,17.5125
test_01384,14.5426,18.0257
test_01385,14.6687,17.8404
test_01386,16.6680,20.4600
test_01387,15.0549,18.2821
test_01388,14.3114,17.8164
test_01389,13.5582,16.8220
test_01390,13.7500,17.0517
test_01391,13.7699,17.1719
test_01392,14.5581,17.6924
test_01393,14.0790,17.3161
test_01394,16.6561,20.2180
test_01395,14.5905,18.1955
test_01396,11.3687,14.5710
test_01397,13.9685,17.1063
test_01398,15.0281,18.1175
test_01399,17.1536,20.2631
test_01400,15.1911,18.4325
test_01401,16.8439,20.7388
test_01402,10.9272,14.5286
test_01403,15.6588,18.6886
test_01404,14.0837,17.3962
test_01405,16.8092,20.1306
test_01406,13.8076,17.0219
test_01407,14.0406,17.5422
test_01408,13.9287,17.3923
test_01409,12.8264,15.9300
test_01410,16.3282,19.4935
test_01411,14.0262,17.1310
test_01412,15.5761,19.1805
test_01413,14.3179,17.5559
test_01414,14.7307,17.9447
test_01415,12.7766,16.4503
test_01416,13.8077,17.1617
test_01417,13.7991,17.6828
test_01418,12.0859,15.4791
test_01419,15.3169,18.7717
test_01420,12.7440,15.8643
test_01421,15.0913,18.7794
test_01422,15.0708,18.3291
test_01423,15.1176,18.4782
test_01424,15.4908,19.0613
test_01425,16.3127,19.5983
test_01426,14.9761,18.5901
test_01427,14.3420,17.8275
test_01428,15.9572,18.9944
test_01429,14.6171,17.8632
test_01430,14.7268,18.1168
test_01431,13.7936,17.0021
test_01432,14.3220,17.3741
test_01433,17.4711,20.5969
test_01434,14.7955,18.0318
test_01435,13.6328,17.0049
test_01436,11.6392,14.8818
test_01437,15.6011,18.8090
test_01438,15.5043,18.5947
test_01439,14.1699,17.5085
test_01440,13.9681,16.9786
test_01441,10.9631,14.1939
test_01442,7.0896,10.4362
test_01443,14.8620,18.0190
test_01444,13.9925,17.1412
test_01445,13.7993,17.1326
test_01446,11.9704,16.0230
test_01447,15.1434,18.3086
test_01448,17.0990,20.3121
test_01449,14.1612,18.3416
test_01450,13.4002,16.6888
test_01451,15.7874,19.3335
test_01452,14.0241,17.4173
test_01453,11.6663,15.5400
test_01454,12.7733,16.0577
test_01455,16.2154,19.3078
test_01456,12.6736,16.2318
test_01457,16.1100,19.8266
test_01458,13.8549,17.5781
test_01459,13.0181,16.4282
test_01460,11.0346,14.3159
test_01461,13.7697,17.0442
test_01462,15.8492,18.8956
test_01463,15.1113,18.1474
test_01464,14.0311,17.1191
test_01465,17.3666,20.6226
test_01466,13.6229,16.8242
test_01467,12.7278,15.9348
test_01468,14.7896,18.1452
test_01469,13.7136,17.1565
test_01470,15.2367,18.4494
test_01471,10.9351,14.2768
test_01472,15.8870,19.2231
test_01473,15.0730,18.4657
test_01474,15.4648,18.5569
test_01475,12.4308,15.8764
test_01476,14.2085,17.6444
test_01477,11.6177,15.2119
test_01478,13.6437,16.9356
test_01479,13.8412,17.1476
test_01480,13.0955,16.3141
test_01481,12.2162,15.2818
test_01482,15.9409,19.0271
test_01483,12.0928,15.4486
test_01484,13.3278,16.7840
test_01485,14.0259,17.3588
test_01486,15.8133,18.9656
test_01487,15.1046,18.0774
test_01488,14.7290,18.3216
test_01489,15.8902,19.0107
test_01490,15.2367,18.5867
test_01491,14.0989,17.4575
test_01492,15.1423,18.4001
test_01493,15.4323,18.5558
test_01494,14.9050,18.0109
test_01495,14.8350,18.0974
test_01496,13.1483,16.4770
test_01497,15.3216,18.7326
test_01498,13.1816,16.4639
test_01499,13.4230,16.5401
test_01500,16.2918,19.5347
test_01501,16.2101,19.6397
test_01502,14.0366,17.3332
test_01503,13.5998,17.0389
test_01504,15.9592,19.1992
test_01505,12.8735,16.2976
test_01506,11.5723,14.5947
test_01507,12.2683,15.5323
test_01508,14.3584,18.3112
test_01509,16.0928,19.5795
test_01510,12.3825,15.4811
test_01511,13.9401,17.3020
test_01512,15.7054,18.9356
test_01513,14.9393,17.9981
test_01514,15.5286,18.6753
test_01515,13.3803,16.3656
test_01516,12.3152,15.3803
test_01517,17.0497,20.4470
test_01518,16.9469,19.9618
test_01519,13.8802,17.2476
test_01520,14.2475,17.3742
test_01521,16.4644,19.6128
test_01522,16.1628,19.5583
test_01523,15.3800,18.5253
test_01524,11.2927,14.3930
test_01525,13.8071,16.7923
test_01526,12.5500,16.2015
test_01527,16.2620,19.3909
test_01528,16.1773,19.2330
test_01529,14.0154,17.8681
test_01530,13.3076,16.7927
test_01531,14.8834,17.8846
test_01532,15.6038,18.8118
test_01533,14.4045,17.5535
test_01534,11.9713,14.9485
test_01535,13.6076,17.1560
test_01536,12.1582,15.2584
test_01537,14.5765,17.9851
test_01538,13.9476,17.7454
test_01539,13.4228,16.4577
test_01540,16.1603,19.0662
test_01541,12.1182,15.3052
test_01542,15.4350,18.7227
test_01543,15.5131,19.4862
test_01544,12.8754,16.2340
test_01545,14.2566,17.4035
test_01546,15.9230,19.3963
test_01547,15.2552,18.2133
test_01548,18.8372,21.7697
test_01549,15.6449,18.9308
test_01550,12.7945,15.9380
test_01551,16.1532,19.3973
test_01552,16.6478,19.9409
test_01553,14.3327,17.4776
test_01554,11.4254,14.9113
test_01555,15.4538,18.5241
test_01556,15.3911,18.9338
test_01557,17.2400,20.4019
test_01558,11.7858,14.9877
test_01559,16.1790,19.2566
test_01560,15.6427,18.8562
test_01561,15.5852,18.6530
test_01562,11.4550,14.4664
test_01563,15.8069,19.6319
test_01564,14.8978,18.2735
test_01565,15.2816,18.4473
test_01566,16.0093,19.0629
test_01567,15.4027,19.2766
test_01568,14.4623,17.5122
test_01569,12.6014,15.6448
test_01570,14.9544,18.3913
test_01571,15.4194,18.4762
test_01572,13.4772,17.2554
test_01573,11.9890,15.1441
test_01574,15.2281,18.9719
test_01575,16.1225,19.4197
test_01576,17.8947,21.2481
test_01577,15.7810,18.9545
test_01578,14.8120,17.9656
test_01579,12.6487,15.7655
test_01580,16.3996,19.7452
test_01581,12.0263,15.2571
test_01582,13.9425,17.6041
test_01583,11.7060,14.8229
test_01584,12.8763,16.0817
test_01585,15.8498,18.8752
test_01586,15.3177,18.2840
test_01587,13.6539,16.7024
test_01588,15.2754,18.7525
test_01589,14.8016,18.2761
test_01590,15.4708,18.8463
test_01591,12.6247,15.6597
test_01592,13.6985,16.8622
test_01593,14.6073,18.4243
test_01594,14.2333,17.6987
test_01595,16.8896,20.8728
test_01596,13.1416,16.8335
test_01597,15.3057,18.6403
test_01598,14.1289,17.1942
test_01599,15.8364,19.0140
test_01600,11.3391,14.9323
test_01601,11.0333,14.3016
test_01602,12.1230,15.5279
test_01603,15.6259,19.0857
test_01604,14.8392,17.8269
test_01605,14.0432,17.3778
test_01606,11.1743,13.8814
test_01607,15.5100,19.6135
test_01608,16.7410,19.7734
test_01609,14.2174,17.2382
test_01610,13.0372,16.1776
test_01611,15.4922,18.8757
test_01612,13.1203,17.2910
test_01613,17.3821,20.5071
test_01614,12.6946,16.3951
test_01615,10.6132,14.5123
test_01616,15.7688,19.2872
test_01617,15.6337,18.9156
test_01618,16.2889,19.5836
test_01619,14.5779,17.6859
test_01620,13.5678,16.9978
test_01621,14.5873,17.7591
test_01622,15.6723,18.6811
test_01623,15.2097,18.7743
test_01624,14.4031,17.7288
test_01625,20.4387,23.4393
test_01626,13.4988,16.8413
test_01627,11.7208,15.4885
test_01628,14.5149,17.8441
test_01629,14.1530,17.6624
test_01630,16.4712,19.5979
test_01631,14.5853,18.5916
test_01632,14.8196,18.1550
test_01633,9.6549,13.4310
test_01634,11.9909,15.0281
test_01635,14.6771,18.3489
test_01636,17.3804,20.5009
test_01637,14.9107,18.5449
test_01638,16.5183,19.7644
test_01639,15.2840,18.4430
test_01640,15.1148,18.2889
test_01641,14.9053,18.2174
test_01642,13.6642,16.6234
test_01643,14.5104,17.9540
test_01644,14.0760,17.3251
test_01645,10.6517,13.9176
test_01646,12.7444,15.8791
test_01647,14.4211,17.7739
test_01648,15.3432,18.2017
test_01649,14.6846,18.0302
test_01650,12.3116,15.7640
test_01651,15.4894,18.8625
test_01652,13.8217,16.8808
test_01653,18.3556,21.5692
test_01654,13.0001,16.3743
test_01655,14.6125,17.9069
test_01656,17.8797,21.3301
test_01657,15.5009,19.0168
test_01658,12.5804,15.9563
test_01659,12.7937,16.2695
test_01660,9.4405,12.6709
test_01661,14.4678,17.5830
test_01662,14.3301,17.5864
test_01663,13.7962,16.7501
test_01664,11.1343,14.3169
test_01665,13.6719,16.6507
test_01666,14.9520,18.4218
test_01667,15.5710,18.8220
test_01668,13.8112,17.1647
test_01669,15.4868,19.1242
test_01670,13.2501,16.7694
test_01671,15.3170,18.5343
test_01672,16.1941,19.2908
test_01673,14.6213,17.8919
test_01674,10.6793,14.2550
test_01675,16.2885,19.4182
test_01676,14.1958,17.5241
test_01677,14.2008,17.2237
test_01678,15.8299,18.9160
test_01679,14.4473,17.9522
test_01680,15.3769,19.2805
test_01681,14.4850,17.7358
test_01682,14.8592,18.3514
test_01683,12.6923,15.7228
test_01684,12.5672,15.7882
test_01685,14.3782,17.6617
test_01686,14.1624,17.6173
test_01687,15.3854,18.7645
test_01688,16.5269,19.9838
test_01689,15.5638,18.7574
test_01690,14.5413,17.6202
test_01691,15.1919,18.3770
test_01692,14.2382,17.7439
test_01693,11.7689,14.8871
test_01694,13.8696,17.1060
test_01695,15.4346,19.0855
test_01696,12.7318,15.7379
test_01697,15.0856,18.7636
test_01698,15.1676,18.3412
test_01699,14.9716,18.4424
test_01700,14.5603,17.5906
test_01701,15.5741,18.5743
test_01702,13.8519,17.0431
test_01703,13.5243,16.5578
test_01704,15.4761,18.4797
test_01705,12.6474,15.8942
test_01706,13.0448,16.4317
test_01707,15.7377,18.8285
test_01708,15.7687,18.7717
test_01709,15.1000,18.2462
test_01710,13.0881,16.4998
test_01711,13.0979,16.3622
test_01712,13.7354,16.8819
test_01713,14.2982,17.2654
test_01714,12.3621,15.8143
test_01715,13.7397,17.1009
test_01716,14.1622,17.9156
test_01717,14.3223,17.7056
test_01718,11.7171,14.7103
test_01719,16.5535,19.7507
test_01720,14.5157,17.7760
test_01721,13.1228,16.8254
test_01722,13.9721,17.4522
test_01723,10.9500,14.3467
test_01724,14.2200,17.7258
test_01725,13.0256,16.5615
test_01726,17.3299,20.4395
test_01727,13.9654,17.0301
test_01728,13.6869,16.7199
test_01729,11.9181,15.2642
test_01730,13.8449,17.5076
test_01731,12.7294,15.7769
test_01732,12.5274,15.7109
test_01733,13.5107,17.2670
test_01734,12.2614,15.6613
test_01735,14.2410,18.0116
test_01736,17.8831,21.0256
test_01737,13.7144,17.4971
test_01738,11.9415,15.0301
test_01739,16.0683,19.1250
test_01740,12.8773,16.1383
test_01741,15.1730,19.2875
test_01742,13.7237,16.6636
test_01743,14.0554,17.5476
test_01744,11.3176,14.6794
test_01745,16.5800,19.7563
test_01746,16.7390,19.7976
test_01747,14.3237,17.9062
test_01748,14.8630,18.6346
test_01749,11.8283,15.2774
test_01750,15.6339,19.1723
test_01751,12.7007,16.5594
test_01752,15.1571,18.6346
test_01753,13.0433,17.2023
test_01754,13.9930,17.1323
test_01755,15.5829,18.8909
test_01756,14.0475,17.1149
test_01757,13.2562,16.7194
test_01758,11.6842,14.8133
test_01759,12.2907,15.3633
test_01760,15.4293,18.8316
test_01761,16.2332,19.4338
test_01762,14.5317,18.1665
test_01763,14.6372,17.7165
test_01764,12.0308,15.1967
test_01765,15.5773,19.1903
test_01766,14.3900,18.1508
test_01767,13.5378,16.9746
test_01768,14.1206,17.2774
test_01769,15.3507,18.3929
test_01770,11.7742,14.9962
test_01771,14.9094,18.3193
test_01772,15.7644,19.3072
test_01773,15.9219,19.0824
test_01774,14.7078,17.8451
test_01775,13.7581,16.9753
test_01776,14.3490,17.3326
test_01777,14.9203,18.2743
test_01778,17.3283,20.5711
test_01779,17.8890,21.0622
test_01780,14.0263,17.1301
test_01781,15.0134,18.2537
test_01782,15.4267,18.6963
test_01783,16.5749,19.7627
test_01784,17.9019,21.3882
test_01785,14.6800,17.9499
test_01786,13.3548,16.5892
test_01787,7.1525,10.1874
test_01788,15.1675,19.2202
test_01789,15.9624,19.6576
test_01790,13.1593,16.5230
test_01791,11.1030,14.4537
test_01792,16.1452,19.3890
test_01793,10.2627,13.3888
test_01794,15.2160,18.5615
test_01795,16.9428,20.5152
test_01796,15.7569,19.0054
test_01797,16.9682,20.2867
test_01798,13.2786,16.3582
test_01799,12.0869,15.1446
test_01800,15.2110,18.5840
test_01801,14.2497,17.5502
test_01802,12.1864,15.1427
test_01803,9.8433,13.2541
test_01804,13.2432,16.2094
test_01805,15.0984,18.3079
test_01806,12.2488,15.5039
test_01807,15.7248,18.9352
test_01808,13.4900,16.6434
test_01809,13.5129,16.8442
test_01810,12.9972,16.2955
test_01811,15.2065,18.7120
test_01812,14.4951,17.6222
test_01813,12.7179,15.8964
test_01814,12.6695,15.7167
test_01815,17.6756,20.7556
test_01816,15.3621,18.5220
test_01817,14.3786,17.6702
test_01818,12.9365,16.0708
test_01819,13.6079,17.6412
test_01820,14.0569,17.3666
test_01821,16.0592,19.3247
test_01822,14.6975,17.9771
test_01823,11.4778,14.4780
test_01824,13.3581,16.6986
test_01825,11.3550,14.6973
test_01826,15.7589,19.0591
test_01827,14.9146,18.0876
test_01828,12.3787,15.6023
test_01829,11.8032,14.6992
test_01830,16.2155,19.2862
test_01831,11.5784,15.1596
test_01832,15.8563,19.0310
test_01833,13.0947,16.8379
test_01834,16.2751,19.5510
test_01835,14.5322,17.8448
test_01836,12.6123,16.5729
test_01837,15.9927,19.4475
test_01838,14.9993,18.2048
test_01839,11.2289,14.3457
test_01840,16.3934,19.4573
test_01841,15.0088,18.3126
test_01842,13.9171,17.0061
test_01843,13.9315,17.1114
test_01844,15.1940,18.3845
test_01845,14.1339,17.6364
test_01846,12.7645,15.9781
test_01847,11.3786,14.7013
test_01848,14.2242,17.5269
test_01849,12.6859,16.3742
test_01850,11.5517,14.8528
test_01851,14.6700,17.9324
test_01852,12.8864,16.0598
test_01853,14.1139,17.1049
test_01854,11.7656,15.1528
test_01855,14.2789,17.3383
test_01856,14.1173,17.1271
test_01857,14.0761,17.4530
test_01858,12.3524,15.4587
test_01859,17.3908,20.5143
test_01860,13.6143,17.1618
test_01861,5.7648,9.0917
test_01862,12.6806,16.0171
test_01863,13.1341,16.4378
test_01864,15.7501,18.8922
test_01865,15.2648,18.5995
test_01866,14.3058,17.4218
test_01867,13.6114,16.9521
test_01868,18.4100,21.7663
test_01869,12.9138,16.2083
test_01870,13.6109,16.9995
test_01871,14.4707,17.7112
test_01872,14.4778,17.6433
test_01873,14.6943,18.2570
test_01874,16.4569,19.7086
test_01875,14.2313,17.2459
test_01876,14.9095,18.3959
test_01877,15.0451,18.1917
test_01878,13.3323,16.3700
test_01879,15.0906,18.1047
test_01880,18.8555,22.4699
test_01881,12.7490,15.8407
test_01882,15.0606,18.2975
test_01883,17.4209,20.4566
test_01884,12.9397,16.2822
test_01885,13.8783,17.0946
test_01886,15.9884,19.3432
test_01887,13.1138,16.4533
test_01888,15.8305,19.2441
test_01889,15.4392,18.4120
test_01890,15.2184,18.5379
test_01891,14.5323,17.7207
test_01892,14.7934,17.8128
test_01893,12.5974,15.7013
test_01894,13.3830,16.5597
test_01895,13.1967,16.5830
test_01896,13.0156,16.3256
test_01897,13.7549,16.8568
test_01898,11.7594,15.2054
test_01899,16.6350,19.8260
test_01900,12.0889,15.4694
test_01901,15.6553,19.0253
test_01902,14.2794,18.3436
test_01903,16.0669,19.0523
test_01904,14.4568,17.7219
test_01905,15.9145,19.2303
test_01906,15.2744,18.8729
test_01907,13.6786,16.9231
test_01908,13.2801,16.9362
test_01909,11.9243,15.0550
test_01910,14.6843,17.6947
test_01911,13.3721,16.6615
test_01912,12.9308,16.2856
test_01913,14.7595,18.0776
test_01914,15.8972,19.9266
test_01915,16.0150,19.5483
test_01916,14.5866,17.7790
test_01917,12.8669,16.2808
test_01918,11.2729,14.6040
test_01919,13.7749,17.1871
test_01920,12.5578,15.5804
test_01921,14.3917,17.6475
test_01922,13.8527,17.2018
test_01923,13.5720,16.6072
test_01924,13.9397,17.0506
test_01925,13.3372,17.0083
test_01926,17.2292,20.2909
test_01927,11.9661,14.9017
test_01928,15.3173,18.3871
test_01929,15.2599,18.5419
test_01930,16.5719,19.8799
test_01931,17.1358,20.6084
test_01932,13.7951,17.6522
test_01933,12.2879,15.4550
test_01934,15.6834,18.7900
test_01935,14.1288,17.5282
test_01936,12.9709,16.1654
test_01937,5.3559,8.6234
test_01938,16.9301,20.0322
test_01939,14.9427,19.1112
test_01940,13.9705,17.3174
test_01941,16.0504,19.8118
test_01942,16.0857,19.3317
test_01943,16.2291,19.2938
test_01944,12.3754,15.9036
test_01945,15.1168,18.1812
test_01946,13.9773,17.0753
test_01947,14.8113,18.6570
test_01948,12.9149,16.2382
test_01949,15.4068,18.5105
test_01950,13.6315,16.6580
test_01951,14.9762,18.1556
test_01952,14.9174,18.2007
test_01953,15.1183,18.3035
test_01954,12.5169,15.6420
test_01955,16.5651,19.5114
test_01956,12.6954,15.7468
test_01957,11.7778,15.7314
test_01958,13.9360,17.5456
test_01959,17.9847,21.4832
test_01960,13.5726,16.5507
test_01961,11.2261,14.0680
test_01962,14.7942,18.0598
test_01963,14.1499,17.3122
test_01964,15.3800,18.5402
test_01965,15.4339,18.5832
test_01966,13.0514,16.2171
test_01967,15.5677,19.1510
test_01968,14.8227,18.1282
test_01969,13.4885,16.5010
test_01970,16.3596,19.3816
test_01971,15.8713,18.9767
test_01972,16.6772,19.7928
test_01973,13.8386,16.9558
test_01974,14.3654,17.4225
test_01975,14.5838,17.7083
test_01976,16.8432,20.1439
test_01977,12.7914,16.2127
test_01978,15.5250,18.6009
test_01979,15.8295,19.2273
test_01980,11.2352,14.4533
test_01981,13.6275,16.9118
test_01982,12.9377,16.0321
test_01983,13.7116,17.0149
test_01984,11.0044,14.2234
test_01985,17.0845,20.2397
test_01986,15.7809,19.2406
test_01987,16.0712,19.2447
test_01988,13.7082,16.7989
test_01989,13.2239,16.3594
test_01990,11.5055,14.7115
test_01991,16.8517,20.3366
test_01992,12.2409,15.3345
test_01993,14.7867,18.6138
test_01994,13.4207,16.9093
test_01995,13.8284,16.9628
test_01996,13.7716,16.8462
test_01997,9.9203,13.3254
test_01998,18.2383,21.3718
test_01999,14.1199,17.5582
test_02000,4.6250,7.7175
test_02001,12.4144,16.2581
test_02002,13.9535,17.0299
test_02003,13.8036,17.2961
test_02004,15.5147,19.2869
test_02005,12.3274,16.2452
test_02006,13.3334,16.8615
test_02007,13.0285,16.3533
test_02008,13.9560,17.3238
test_02009,16.1347,19.1969
test_02010,14.6290,17.9708
test_02011,13.5360,16.8497
test_02012,13.2603,16.6215
test_02013,10.7328,14.4846
test_02014,14.9326,18.4615
test_02015,15.9221,19.1046
test_02016,13.7307,16.7096
test_02017,15.8324,19.3014
test_02018,12.0293,15.5746
test_02019,14.4013,17.8952
test_02020,10.8826,15.0163
test_02021,14.0816,17.1340
test_02022,14.4249,17.7988
test_02023,16.5120,19.8580
test_02024,14.3632,17.7278
test_02025,14.4948,17.5824
test_02026,14.3368,17.8262
test_02027,15.9254,19.4485
test_02028,16.4148,19.4004
test_02029,11.9403,15.1810
test_02030,14.5603,17.9433
test_02031,14.6088,17.8683
test_02032,13.2008,16.7050
test_02033,14.3485,17.4298
test_02034,13.4547,16.7497
test_02035,14.0864,17.9440
test_02036,13.1687,16.1035
test_02037,7.1140,10.2491
test_02038,13.7595,16.9404
test_02039,10.8024,13.9622
test_02040,13.1709,17.0588
test_02041,10.4893,14.2359
test_02042,12.9941,16.1971
test_02043,13.8271,17.0803
test_02044,14.7025,17.8137
test_02045,12.6433,15.7120
test_02046,14.2449,17.3089
test_02047,13.1613,16.4410
test_02048,12.8868,16.4415
test_02049,14.2290,17.3055
test_02050,14.7187,18.4781
test_02051,13.9865,17.4463
test_02052,15.0782,18.1222
test_02053,12.6730,15.8056
test_02054,14.9680,18.0246
test_02055,14.4346,17.9045
test_02056,15.2042,18.6354
test_02057,12.6723,16.1129
test_02058,15.0611,18.2103
test_02059,11.3877,14.7935
test_02060,13.4466,16.5904
test_02061,14.9373,18.1932
test_02062,12.2954,15.5749
test_02063,14.4431,17.5988
test_02064,13.5027,16.6744
test_02065,15.2857,18.2283
test_02066,16.2670,19.6030
test_02067,14.3913,18.0492
test_02068,12.0517,15.3034
test_02069,14.7584,18.4950
test_02070,13.9917,17.1521
test_02071,13.3770,16.7731
test_02072,15.8603,19.1628
test_02073,13.9254,17.2137
test_02074,11.8504,15.5733
test_02075,14.6649,17.9759
test_02076,14.6493,18.1423
test_02077,16.1164,19.1963
test_02078,11.3000,14.2270
test_02079,13.7974,16.9628
test_02080,10.2943,14.0588
test_02081,15.4805,18.6565
test_02082,10.8093,14.1034
test_02083,14.3925,18.2292
test_02084,15.0533,18.2457
test_02085,17.9648,20.9372
test_02086,14.1334,17.2072
test_02087,16.5001,19.9412
test_02088,14.2244,17.2362
test_02089,15.1518,18.2399
test_02090,12.4913,15.7603
test_02091,15.1375,18.0225
test_02092,16.0808,19.1260
test_02093,15.6580,18.7502
test_02094,11.2085,14.5414
test_02095,14.6666,18.1620
test_02096,14.9450,18.5826
test_02097,13.9523,17.1912
test_02098,14.6380,18.1158
test_02099,12.9210,16.0378
test_02100,11.2824,14.5046
test_02101,15.0421,18.0553
test_02102,15.2793,18.6157
test_02103,14.0566,17.1224
test_02104,15.0057,18.0047
test_02105,14.9085,18.0821
test_02106,14.5796,17.6345
test_02107,18.1588,21.3661
test_02108,15.7365,19.0007
test_02109,13.4107,16.8378
test_02110,14.7306,17.8784
test_02111,15.9818,19.0702
test_02112,13.2983,16.8647
test_02113,17.0613,20.0271
test_02114,14.0631,17.1201
test_02115,15.9554,19.2166
test_02116,15.4326,18.7583
test_02117,14.1814,17.2968
test_02118,15.5997,18.7395
test_02119,13.4955,16.5987
test_02120,11.9259,15.3764
test_02121,16.8152,20.1754
test_02122,14.1107,17.5752
test_02123,15.0354,18.2114
test_02124,14.2826,17.3198
test_02125,14.9607,18.3141
test_02126,13.3071,16.9131
test_02127,13.7904,17.1930
test_02128,14.2274,17.4460
test_02129,15.6098,19.4571
test_02130,15.5118,19.4318
test_02131,14.5191,18.3123
test_02132,10.0429,13.0288
test_02133,18.2558,21.5546
test_02134,11.3056,14.4005
test_02135,17.2407,20.5975
test_02136,15.6041,19.5511
test_02137,16.3799,19.4837
test_02138,14.4558,17.9367
test_02139,15.0298,18.1783
test_02140,15.3779,18.6518
test_02141,14.8014,17.9664
test_02142,12.0927,15.6509
test_02143,14.7878,18.2227
test_02144,16.3801,19.9062
test_02145,17.3496,20.7776
test_02146,13.6398,16.6625
test_02147,14.2655,18.5472
test_02148,15.0528,18.1511
test_02149,15.1980,18.3600
test_02150,15.6921,18.8235
test_02151,13.4082,16.4840
test_02152,14.6390,17.8605
test_02153,13.0376,16.3869
test_02154,15.6465,19.0100
test_02155,12.5273,15.9341
test_02156,15.8690,19.1342
test_02157,18.0168,21.6603
test_02158,14.5544,17.4933
test_02159,12.7630,15.8229
test_02160,13.8593,17.1542
test_02161,12.5214,15.7867
test_02162,17.1168,20.2643
test_02163,15.3613,18.4412
test_02164,14.8550,18.2001
test_02165,14.2893,18.3548
test_02166,13.3460,16.6585
test_02167,15.4120,18.4439
test_02168,14.6307,17.6736
test_02169,13.9177,18.1015
test_02170,15.9450,19.3758
test_02171,15.2376,18.4114
test_02172,15.1044,18.2239
test_02173,14.4153,17.6047
test_02174,11.7767,14.8325
test_02175,12.4874,16.1183
test_02176,14.6986,18.0949
test_02177,14.1763,17.3281
test_02178,16.1355,19.1838
test_02179,14.4283,17.6292
test_02180,9.5323,13.5331
test_02181,15.4871,18.5531
test_02182,14.9392,18.0941
test_02183,9.9520,13.9490
test_02184,11.7676,15.6612
test_02185,15.4011,18.8652
test_02186,14.9928,18.1475
test_02187,17.5865,20.7767
test_02188,17.7716,20.6330
test_02189,13.0639,16.3576
test_02190,16.3235,19.5847
test_02191,16.7797,19.9027
test_02192,14.3569,17.6836
test_02193,15.5876,18.9118
test_02194,12.6362,15.9691
test_02195,13.1449,16.4620
test_02196,14.8970,18.1352
test_02197,14.3739,17.6129
test_02198,15.2178,18.3527
test_02199,13.2266,16.4712
test_02200,16.0185,19.7825
test_02201,14.8736,18.2895
test_02202,15.2610,18.2269
test_02203,13.9462,17.1934
test_02204,15.5522,18.7775
test_02205,16.3956,19.9050
test_02206,16.8575,20.2981
test_02207,17.4961,21.1577
test_02208,17.3921,20.5299
test_02209,14.8028,18.9022
test_02210,13.1473,16.3406
test_02211,14.7839,17.9875
test_02212,17.5862,20.7944
test_02213,15.4317,18.5482
test_02214,16.4167,19.6019
test_02215,13.4026,16.6457
test_02216,12.2784,15.5350
test_02217,13.4141,16.6781
test_02218,12.8557,16.4427
test_02219,0.7824,4.3919
test_02220,14.7576,18.4604
test_02221,11.8827,15.3092
test_02222,13.9924,17.9411
test_02223,15.2579,19.1093
test_02224,12.5065,15.7791
test_02225,14.0282,17.5227
test_02226,16.0984,19.3835
test_02227,15.1346,18.3160
test_02228,16.7219,20.1084
test_02229,17.0262,20.3539
test_02230,15.3346,18.5530
test_02231,17.1168,20.3841
test_02232,10.2318,13.4372
test_02233,14.9503,18.4764
test_02234,16.4900,19.6028
test_02235,15.5010,18.6991
test_02236,13.2790,16.2719
test_02237,15.1497,18.1091
test_02238,15.4629,18.6288
test_02239,14.9141,18.1839
test_02240,15.3182,18.3368
test_02241,13.5477,16.9248
test_02242,15.3497,18.5527
test_02243,16.7547,19.8963
test_02244,13.1503,16.2044
test_02245,15.9752,19.9577
test_02246,13.4260,16.6762
test_02247,15.7308,18.9392
test_02248,13.0441,16.0176
test_02249,13.4916,16.9289
test_02250,14.4348,18.3045
test_02251,14.4822,17.7986
test_02252,14.9808,18.2921
test_02253,11.2558,14.7468
test_02254,15.3138,19.3935
test_02255,13.6095,17.4856
test_02256,14.9181,18.3512
test_02257,14.3381,17.4311
test_02258,15.5478,19.2058
test_02259,14.9871,18.5129
test_02260,13.1645,16.3776
test_02261,14.5638,18.6817
test_02262,13.4518,16.5477
test_02263,13.5463,16.7118
test_02264,14.3210,17.8855
test_02265,12.6037,15.6134
test_02266,16.5009,19.5859
test_02267,12.2703,15.5689
test_02268,15.2259,18.7714
test_02269,15.2349,19.1630
test_02270,15.9958,19.2101
test_02271,14.9778,18.8714
test_02272,15.8364,19.4464
test_02273,15.0297,18.1339
test_02274,14.7895,17.8336
test_02275,15.5782,19.4742
test_02276,14.4619,17.8125
test_02277,11.8995,15.3831
test_02278,14.6062,17.8903
test_02279,15.5908,19.0552
test_02280,14.9154,17.7755
test_02281,17.3619,21.1776
test_02282,11.9171,15.0186
test_02283,16.6245,19.9103
test_02284,15.5509,18.9272
test_02285,12.1101,15.7647
test_02286,15.9401,19.6593
test_02287,11.8907,15.0370
test_02288,14.9108,18.3037
test_02289,14.8841,18.2043
test_02290,14.7121,18.0386
test_02291,17.0997,20.3421
test_02292,14.4839,18.3437
test_02293,14.5136,17.7614
test_02294,15.0303,18.6728
test_02295,15.7416,18.9886
test_02296,10.4544,13.8813
test_02297,15.0231,18.3821
test_02298,15.1947,18.1437
test_02299,13.5115,16.7741
test_02300,13.6138,16.7677
test_02301,14.4930,18.0355
test_02302,14.3279,17.7061
test_02303,13.5106,16.8401
test_02304,12.1341,15.0850
test_02305,15.5019,18.6395
test_02306,15.2593,18.3757
test_02307,13.9198,17.5235
test_02308,12.4144,15.4435
test_02309,15.2596,18.7215
test_02310,13.9432,17.2135
test_02311,15.6894,18.7034
test_02312,14.4716,17.8595
test_02313,15.8945,19.4648
test_02314,16.6525,19.8695
test_02315,15.4472,18.7994
test_02316,16.4678,19.7878
test_02317,13.9614,17.1956
test_02318,14.8495,18.0474
test_02319,13.7774,16.7538
test_02320,16.9771,20.1233
test_02321,14.7257,17.7762
test_02322,14.0056,17.6489
test_02323,14.2462,17.3969
test_02324,15.6151,18.7799
test_02325,12.3773,15.6794
test_02326,15.3747,18.7070
test_02327,13.7669,17.2391
test_02328,14.4957,17.4974
test_02329,15.3568,19.0641
test_02330,11.3870,14.8224
test_02331,12.8405,15.9016
test_02332,11.0249,14.1896
test_02333,16.0561,19.4016
test_02334,15.0324,18.6145
test_02335,17.0819,20.2434
test_02336,15.7817,19.0711
test_02337,16.2380,19.5701
test_02338,11.4314,14.9136
test_02339,14.5751,17.9298
test_02340,12.8404,16.4962
test_02341,13.5046,16.5662
test_02342,15.3413,18.6222
test_02343,11.7381,15.5942
test_02344,14.5304,17.7114
test_02345,13.7548,16.8067
test_02346,14.8490,17.9406
test_02347,11.0058,14.2682
test_02348,13.6376,17.2873
test_02349,13.1420,16.4284
test_02350,14.2084,17.4513
test_02351,15.1157,18.3912
test_02352,16.0049,19.0310
test_02353,13.5541,16.5173
test_02354,12.3456,15.6972
test_02355,16.3382,19.5779
test_02356,13.7187,17.2017
test_02357,16.7332,20.0702
test_02358,15.0775,18.3505
test_02359,13.6863,16.9452
test_02360,15.4858,18.7587
test_02361,15.6713,18.7548
test_02362,14.7810,18.0223
test_02363,13.8609,16.9892
test_02364,15.2287,18.7915
test_02365,14.1519,17.7418
test_02366,16.4946,19.6092
test_02367,7.9337,10.9030
test_02368,12.6274,16.2912
test_02369,13.3831,16.8480
test_02370,12.8539,16.0379
test_02371,14.0556,17.3194
test_02372,16.6472,20.0433
test_02373,14.9133,18.0520
test_02374,13.3491,16.7094
test_02375,16.0118,19.8155
test_02376,17.1044,20.2849
test_02377,12.9076,16.3151
test_02378,14.7840,17.9298
test_02379,9.5212,13.0489
test_02380,15.4950,18.5771
test_02381,13.7233,17.1027
test_02382,15.0039,18.4556
test_02383,14.5828,17.9560
test_02384,14.2901,17.9796
test_02385,12.0590,15.4649
test_02386,14.1660,17.3101
test_02387,12.2802,16.0464
test_02388,14.4985,17.9378
test_02389,15.9821,19.0693
test_02390,12.6068,15.8921
test_02391,11.7184,14.7181
test_02392,16.0896,19.6443
test_02393,16.2589,19.3573
test_02394,13.9651,17.2105
test_02395,15.3453,18.4544
test_02396,13.3775,16.4061
test_02397,8.6366,11.8191
test_02398,13.4699,16.6539
test_02399,13.4094,16.8128
test_02400,15.2633,18.9177
test_02401,15.9387,18.8591
test_02402,12.3582,15.4398
test_02403,12.7968,16.4481
test_02404,12.4703,15.6814
test_02405,12.6267,15.9223
test_02406,12.9852,16.5915
test_02407,14.9504,18.1179
test_02408,15.4478,18.5806
test_02409,14.9655,18.1386
test_02410,13.4373,16.6114
test_02411,15.5656,18.8203
test_02412,17.1633,20.3118
test_02413,11.6403,14.8333
test_02414,12.6372,15.7331
test_02415,13.7151,17.5984
test_02416,15.1650,18.6105
test_02417,15.2395,18.6068
test_02418,13.5052,16.5948
test_02419,13.8161,17.5249
test_02420,14.4760,17.7397
test_02421,13.9551,17.7133
test_02422,15.2824,18.7122
test_02423,14.5781,17.8531
test_02424,13.3224,17.0172
test_02425,10.5826,13.9093
test_02426,14.7385,17.9211
test_02427,14.9135,18.1543
test_02428,16.6201,19.9250
test_02429,13.4867,17.1353
test_02430,13.4767,17.3764
test_02431,15.3485,18.3346
test_02432,15.6315,18.7596
test_02433,16.4552,20.5650
test_02434,15.1800,18.3396
test_02435,13.4492,16.5365
test_02436,14.5051,18.1959
test_02437,13.6667,17.2125
test_02438,12.1669,15.2266
test_02439,15.7893,19.4416
test_02440,14.2883,17.8589
test_02441,16.1809,19.8236
test_02442,15.9252,19.1249
test_02443,16.4293,19.9650
test_02444,13.6494,16.8581
test_02445,15.9681,19.1414
test_02446,16.1564,19.4468
test_02447,11.8154,14.9508
test_02448,14.1879,17.7477
test_02449,13.5771,16.8676
test_02450,14.7581,18.0459
test_02451,14.2601,17.8464
test_02452,15.2600,18.7441
test_02453,14.8050,18.3002
test_02454,15.4896,18.5783
test_02455,16.5040,19.7103
test_02456,15.4795,18.9457
test_02457,15.4717,19.0094
test_02458,13.7400,17.0982
test_02459,14.8018,18.1305
test_02460,14.6621,17.7419
test_02461,15.1183,18.5554
test_02462,14.9648,18.3222
test_02463,12.0511,15.2843
test_02464,14.5072,18.0665
test_02465,19.2299,22.3378
test_02466,14.4603,18.1789
test_02467,14.4471,18.1516
test_02468,16.7316,20.1927
test_02469,14.0478,17.2776
test_02470,14.7844,18.0858
test_02471,11.7698,15.3039
test_02472,13.5736,16.6312
test_02473,14.2440,17.8575
test_02474,11.8693,14.9858
test_02475,13.1106,16.3720
test_02476,12.9018,16.8879
test_02477,14.4307,17.8304
test_02478,14.3166,18.3904
test_02479,10.8587,14.2539
test_02480,17.1359,20.2839
test_02481,11.9110,15.1605
test_02482,14.8680,18.0294
test_02483,15.1967,18.3044
test_02484,10.7399,14.0516
test_02485,15.1120,18.3825
test_02486,15.4480,18.7971
test_02487,10.0495,13.1339
test_02488,14.3322,17.5947
test_02489,12.9206,16.3471
test_02490,13.3425,17.1712
test_02491,14.8475,17.8971
test_02492,14.4380,17.9403
test_02493,13.9238,17.2723
test_02494,17.0416,20.1124
test_02495,15.4464,18.7660
test_02496,11.9403,15.5927
test_02497,12.2062,15.9838
test_02498,16.5609,19.9001
test_02499,14.3917,17.4673
test_02500,13.0726,16.2076
test_02501,15.3273,19.2109
test_02502,15.4180,18.7454
test_02503,17.8532,21.2439
test_02504,15.5357,18.9587
test_02505,15.9464,19.2615
test_02506,16.4138,19.7622
test_02507,14.5997,17.6423
test_02508,15.4044,18.6806
test_02509,14.1402,17.4278
test_02510,16.4226,19.7362
test_02511,16.1233,19.3031
test_02512,14.9539,17.9641
test_02513,16.3597,19.3815
test_02514,13.7437,17.2184
test_02515,14.9629,18.1956
test_02516,14.2712,17.6581
test_02517,13.9394,16.9026
test_02518,16.2837,19.4757
test_02519,12.8214,16.7052
test_02520,11.4554,14.5407
test_02521,13.6771,17.0795
test_02522,12.0177,15.5099
test_02523,12.6802,16.2131
test_02524,14.4749,17.7806
test_02525,15.0389,18.1424
test_02526,15.9598,18.8863
test_02527,16.1156,19.1610
test_02528,13.4139,16.7238
test_02529,15.1582,18.5374
test_02530,14.6140,17.7496
test_02531,9.6533,12.8090
test_02532,14.6234,17.7957
test_02533,14.2783,17.5199
test_02534,12.9135,16.2256
test_02535,10.4845,13.4607
test_02536,12.3561,15.7961
test_02537,15.4704,19.0777
test_02538,12.6446,15.5393
test_02539,13.4487,16.7967
test_02540,13.7753,16.9705
test_02541,13.8516,17.3915
test_02542,16.0465,19.3558
test_02543,17.1604,20.3102
test_02544,12.8339,16.0339
test_02545,15.8311,19.0407
test_02546,15.1867,18.3744
test_02547,11.8196,15.0771
test_02548,14.3423,17.3669
test_02549,12.4064,15.8201
test_02550,15.2416,18.2586
test_02551,13.2799,17.2468
test_02552,13.0794,17.1172
test_02553,15.6670,19.6571
test_02554,13.5934,16.9722
test_02555,14.2967,17.4236
test_02556,13.0045,16.0916
test_02557,13.8875,17.0745
test_02558,14.1373,17.2004
test_02559,16.9924,20.1691
test_02560,14.4268,17.5978
test_02561,13.4276,16.6554
test_02562,13.5347,17.4125
test_02563,14.6907,17.7578
test_02564,12.7196,15.8759
test_02565,16.6380,19.7694
test_02566,13.4982,16.8228
test_02567,16.2879,19.2991
test_02568,14.9213,18.2211
test_02569,13.7556,17.2107
test_02570,13.9772,17.2870
test_02571,13.5391,16.6581
test_02572,16.3548,19.8205
test_02573,13.4034,16.6029
test_02574,13.7024,16.9080
test_02575,18.7749,22.1174
test_02576,13.5945,17.4960
test_02577,15.2128,18.2698
test_02578,13.2915,16.6670
test_02579,14.5397,17.7966
test_02580,14.3393,17.5917
test_02581,15.1300,18.2884
test_02582,11.6355,15.4997
test_02583,15.0758,18.1191
test_02584,14.8383,18.4125
test_02585,16.5461,20.4110
test_02586,13.2807,16.6508
test_02587,13.9190,17.4121
test_02588,14.2012,17.7783
test_02589,13.8245,17.0513
test_02590,13.9929,17.2004
test_02591,12.0353,15.1900
test_02592,14.1105,17.5169
test_02593,15.7058,18.9554
test_02594,14.5937,17.8659
test_02595,15.6700,19.1570
test_02596,14.4190,17.5680
test_02597,14.0611,17.1786
test_02598,12.2953,15.4866
test_02599,15.6174,18.6538
test_02600,14.5081,17.8369
test_02601,15.1959,19.0660
test_02602,11.8544,14.8197
test_02603,14.2401,17.0973
test_02604,15.6214,19.0793
test_02605,15.4300,18.6941
test_02606,12.9155,15.9710
test_02607,12.8359,16.0958
test_02608,16.4645,19.7875
test_02609,14.9179,18.2702
test_02610,13.9519,17.9948
test_02611,15.9306,19.0475
test_02612,14.7928,17.9910
test_02613,15.5415,18.9567
test_02614,11.6166,15.4737
test_02615,11.2556,14.1708
test_02616,11.7921,15.1845
test_02617,16.0680,19.4294
test_02618,15.5197,18.5078
test_02619,15.9222,19.1136
test_02620,14.2621,17.4244
test_02621,13.8875,17.5755
test_02622,16.2232,19.6272
test_02623,14.6178,17.9533
test_02624,13.1713,16.4604
test_02625,14.5496,17.7966
test_02626,14.8898,18.4247
test_02627,15.8988,19.0575
test_02628,14.8443,18.1762
test_02629,12.1146,15.6348
test_02630,13.6823,17.4261
test_02631,12.6024,16.4198
test_02632,13.5799,17.7080
test_02633,13.1259,16.2536
test_02634,16.9629,19.9852
test_02635,15.7609,19.3614
test_02636,14.5834,17.7912
test_02637,14.8029,18.1549
test_02638,14.4681,17.6538
test_02639,11.9227,15.0889
test_02640,15.0742,18.4676
test_02641,15.1008,18.7324
test_02642,15.3454,18.3425
test_02643,17.5502,20.5676
test_02644,14.8064,18.1929
test_02645,13.3554,16.7301
test_02646,9.8652,13.0326
test_02647,15.3808,18.6822
test_02648,9.4266,12.9956
test_02649,14.2902,17.6879
test_02650,16.9152,21.0938
test_02651,16.6605,19.9752
test_02652,15.3008,19.0349
test_02653,12.8207,15.8416
test_02654,11.5385,14.7162
test_02655,15.1870,18.8618
test_02656,13.8519,16.8615
test_02657,14.9739,18.2772
test_02658,12.2237,15.3703
test_02659,6.6115,10.2765
test_02660,14.7138,18.0829
test_02661,14.0854,17.0945
test_02662,11.0400,13.9961
test_02663,14.8417,18.0333
test_02664,13.3685,16.6336
test_02665,9.8234,12.9509
test_02666,14.1150,17.4020
test_02667,16.7058,20.1142
test_02668,18.2713,21.5586
test_02669,13.4846,16.9322
test_02670,14.3431,17.7115
test_02671,4.7850,8.7962
test_02672,15.5443,18.5446
test_02673,16.1711,19.1217
test_02674,15.1790,18.3949
test_02675,13.0209,16.1332
test_02676,14.9812,18.1912
test_02677,14.0870,17.2081
test_02678,15.8520,19.1371
test_02679,12.8113,16.1187
test_02680,14.0950,17.9305
test_02681,12.3442,15.5851
test_02682,14.2091,17.1313
test_02683,15.3102,18.2740
test_02684,15.6051,18.8296
test_02685,16.8926,19.9866
test_02686,14.8458,18.2003
test_02687,14.3857,17.6505
test_02688,13.7691,17.2156
test_02689,15.2596,18.6009
test_02690,14.2952,17.6436
test_02691,16.8164,20.2261
test_02692,14.3034,17.7811
test_02693,15.2453,18.5644
test_02694,14.4043,18.0149
test_02695,14.5503,17.7730
test_02696,16.6037,19.8685
test_02697,15.1016,18.4854
test_02698,8.7789,12.1766
test_02699,14.5179,18.4549
test_02700,16.0449,19.4836
test_02701,15.5799,18.7864
test_02702,14.6837,18.1422
test_02703,14.9394,18.0372
test_02704,13.8982,17.3825
test_02705,12.6776,16.1828
test_02706,14.4509,17.5875
test_02707,14.5886,17.7783
test_02708,12.9568,16.2661
test_02709,13.1054,16.4749
test_02710,13.9039,17.0033
test_02711,12.6658,15.7874
test_02712,16.3008,19.8866
test_02713,14.9840,18.0944
test_02714,15.6437,18.6661
test_02715,14.4115,17.6287
test_02716,15.6938,18.9751
test_02717,16.5742,19.7218
test_02718,16.7244,19.6147
test_02719,7.7684,11.0486
test_02720,14.1461,17.4522
test_02721,12.0634,15.4553
test_02722,13.0948,16.8913
test_02723,13.5697,16.9834
test_02724,15.9353,18.9355
test_02725,15.3479,19.1904
test_02726,12.1771,15.2920
test_02727,14.5220,17.5889
test_02728,12.8846,16.9883
test_02729,13.5997,16.9309
test_02730,13.5701,16.7765
test_02731,17.0088,20.6842
test_02732,12.9978,16.3711
test_02733,13.4950,17.0348
test_02734,13.2678,16.5451
test_02735,13.5583,16.9283
test_02736,17.0413,20.0747
test_02737,14.5268,17.6937
test_02738,13.6753,17.5765
test_02739,15.6360,18.9694
test_02740,13.5995,16.7603
test_02741,12.1881,16.2515
test_02742,14.8671,18.0663
test_02743,14.3865,17.7049
test_02744,14.4585,17.6863
test_02745,15.3571,18.4731
test_02746,15.7497,18.9294
test_02747,14.0356,17.2929
test_02748,15.4886,18.9732
test_02749,11.3561,15.5536
test_02750,15.3111,18.4657
test_02751,16.4149,19.8072
test_02752,16.4149,19.8379
test_02753,13.8937,17.0192
test_02754,11.9699,15.2366
test_02755,14.3447,18.5330
test_02756,12.7475,16.1836
test_02757,13.5356,17.1157
test_02758,12.9592,16.2862
test_02759,10.6121,13.6130
test_02760,17.2221,20.0848
test_02761,11.4262,15.1530
test_02762,16.3493,19.4277
test_02763,14.9077,18.0358
test_02764,14.8572,18.0016
test_02765,15.1740,18.4747
test_02766,16.0839,19.2955
test_02767,17.6418,20.9048
test_02768,15.7605,19.0228
test_02769,12.2343,15.1712
test_02770,13.8203,16.9349
test_02771,13.5313,16.4767
test_02772,11.9486,15.2803
test_02773,13.6326,16.7178
test_02774,15.6891,18.9594
test_02775,14.4993,18.0435
test_02776,15.7698,18.9793
test_02777,13.2947,16.2138
test_02778,15.7718,18.9375
test_02779,13.6148,16.6662
test_02780,12.3617,15.4587
test_02781,15.5511,18.5381
test_02782,13.1960,16.4972
test_02783,13.9538,17.0979
test_02784,12.1977,15.2162
test_02785,16.4173,19.9104
test_02786,15.2090,18.6237
test_02787,15.3412,18.6218
test_02788,14.8505,18.5525
test_02789,15.0467,18.4275
test_02790,15.1665,18.4608
test_02791,14.0631,17.5469
test_02792,16.9897,20.0827
test_02793,15.6962,18.9948
test_02794,14.9903,18.2016
test_02795,13.0625,16.5478
test_02796,11.5028,15.0864
test_02797,15.5691,18.6977
test_02798,12.7835,15.9993
test_02799,12.0479,15.3264
test_02800,14.5240,17.4634
test_02801,14.0532,17.0756
test_02802,15.6221,19.7926
test_02803,10.8855,14.2245
test_02804,15.0547,18.2659
test_02805,14.2140,17.6547
test_02806,15.2346,18.6230
test_02807,15.7624,18.9394
test_02808,15.3278,18.3974
test_02809,11.4955,14.8201
test_02810,14.6794,17.9670
test_02811,16.4058,19.4461
test_02812,15.9888,19.2504
test_02813,15.0607,18.1026
test_02814,13.2326,16.3708
test_02815,12.0202,15.1632
test_02816,12.4833,15.8196
test_02817,15.1920,18.2821
test_02818,12.6762,16.1989
test_02819,14.9004,18.0106
test_02820,11.6217,15.1336
test_02821,15.5233,18.7788
test_02822,14.1871,17.8936
test_02823,16.0165,19.3832
test_02824,15.2168,18.5684
test_02825,15.4071,18.8650
test_02826,14.6489,18.1700
test_02827,17.2237,20.2792
test_02828,18.0031,21.1322
test_02829,14.5170,18.0929
test_02830,14.1149,17.5181
test_02831,17.1046,20.3448
test_02832,17.5964,20.6431
test_02833,14.0838,17.2682
test_02834,15.4904,19.4441
test_02835,13.4651,16.8236
test_02836,15.0663,18.3422
test_02837,14.3776,17.7096
test_02838,11.3333,14.7900
test_02839,15.0960,18.3606
test_02840,15.2821,18.9029
test_02841,12.4780,15.7052
test_02842,14.8279,18.3527
test_02843,17.6109,20.8171
test_02844,16.4116,19.7113
test_02845,14.6481,18.0835
test_02846,15.4972,18.7202
test_02847,14.9118,18.2175
test_02848,16.3824,19.5107
test_02849,12.0585,15.3671
test_02850,13.3335,16.5653
test_02851,12.9676,16.6101
test_02852,13.4478,16.4205
test_02853,12.9610,16.2072
test_02854,15.5373,18.6473
test_02855,15.6310,19.1224
test_02856,12.9649,16.5018
test_02857,13.7070,17.0520
test_02858,15.0844,18.4220
test_02859,15.0433,19.0251
test_02860,10.4989,13.5709
test_02861,12.1966,15.6572
test_02862,14.0567,17.3764
test_02863,13.6950,17.1178
test_02864,12.8295,15.9794
test_02865,10.6877,13.9617
test_02866,14.2984,17.2230
test_02867,14.3476,17.3593
test_02868,14.9024,17.9350
test_02869,15.4600,18.4859
test_02870,15.8573,19.9313
test_02871,12.3894,15.4160
test_02872,17.4558,20.8012
test_02873,15.4090,19.3682
test_02874,17.6315,20.9022
test_02875,15.4962,18.5985
test_02876,10.9907,14.6920
test_02877,15.4559,18.7056
test_02878,14.6043,18.2988
test_02879,13.5764,16.7642
test_02880,14.6204,18.1431
test_02881,14.7117,18.0751
test_02882,13.8275,17.2721
test_02883,15.7889,19.5732
test_02884,15.8725,19.0580
test_02885,14.0325,17.2087
test_02886,15.1558,18.8091
test_02887,12.1561,15.2255
test_02888,16.1232,19.1711
test_02889,15.0960,18.4642
test_02890,15.2754,18.7198
test_02891,13.8738,17.1738
test_02892,12.3749,15.3083
test_02893,15.2747,18.5552
test_02894,14.2266,17.8342
test_02895,15.2779,18.4000
test_02896,13.6839,16.5726
test_02897,14.1967,17.5777
test_02898,13.6030,16.8015
test_02899,15.2159,18.2899
test_02900,13.2012,16.5986
test_02901,16.9938,20.3494
test_02902,12.9728,16.0515
test_02903,15.9390,19.2823
test_02904,14.2427,17.1827
test_02905,9.1436,12.3607
test_02906,13.1849,16.4265
test_02907,14.2037,17.7569
test_02908,14.9902,18.7001
test_02909,13.7628,17.1099
test_02910,14.5471,17.9502
test_02911,15.3668,18.5225
test_02912,14.9069,18.5338
test_02913,10.0817,13.1699
test_02914,14.9613,18.0924
test_02915,11.6373,15.3093
test_02916,15.0769,18.6077
test_02917,14.9040,18.1398
test_02918,14.1357,17.5753
test_02919,12.4358,15.6197
test_02920,14.6574,18.1615
test_02921,12.2491,16.3046
test_02922,15.2049,18.2671
test_02923,15.3035,18.3662
test_02924,13.9822,17.1551
test_02925,12.5088,15.6433
test_02926,14.2210,17.3065
test_02927,15.5402,18.5324
test_02928,13.1030,16.5844
test_02929,14.0345,17.9074
test_02930,12.7100,15.8853
test_02931,14.1496,17.4887
test_02932,14.6861,18.0085
test_02933,12.6857,16.0960
test_02934,14.6061,17.7747
test_02935,14.5938,17.7506
test_02936,15.8429,19.7963
test_02937,9.9428,13.9252
test_02938,15.0783,18.3576
test_02939,14.9220,18.5141
test_02940,15.2290,18.6912
test_02941,15.1707,18.3782
test_02942,14.5960,17.7991
test_02943,15.1828,18.4713
test_02944,16.9459,20.1707
test_02945,13.2060,16.4393
test_02946,12.3130,15.6960
test_02947,13.2756,16.4784
test_02948,17.2144,20.2188
test_02949,16.1626,19.2204
test_02950,15.4900,18.7856
test_02951,15.7287,18.9800
test_02952,10.1241,13.3503
test_02953,14.6231,18.3133
test_02954,9.8664,13.1773
test_02955,14.6637,17.9017
test_02956,14.6508,18.1543
test_02957,12.5412,15.7123
test_02958,14.0089,17.3690
test_02959,15.4569,18.7446
test_02960,17.0937,20.1586
test_02961,15.5521,18.8595
test_02962,13.6595,16.9501
test_02963,13.0634,16.3321
test_02964,13.1632,16.3991
test_02965,16.3413,19.9884
test_02966,7.4792,10.7377
test_02967,11.5495,14.6617
test_02968,11.7202,14.8877
test_02969,16.0608,19.1972
test_02970,13.9430,17.2803
test_02971,15.2980,18.8352
test_02972,15.2882,18.3207
test_02973,14.4606,17.5699
test_02974,15.5721,18.5047
test_02975,15.4495,18.4962
test_02976,15.2442,18.5349
test_02977,14.5707,17.7477
test_02978,14.2995,17.5864
test_02979,12.7799,16.0379
test_02980,15.4329,18.8224
test_02981,15.7656,19.1344
test_02982,17.4864,20.9395
test_02983,15.2516,18.6565
test_02984,16.2034,19.8827
test_02985,14.7077,17.8241
test_02986,14.0297,17.6902
test_02987,15.7445,18.8346
test_02988,14.9610,17.9977
test_02989,14.3975,17.5012
test_02990,12.9932,16.0936
test_02991,14.1447,17.2389
test_02992,17.2456,21.3432
test_02993,13.6684,17.6725
test_02994,15.1667,18.1667
test_02995,15.7180,19.0163
test_02996,10.9638,14.2085
test_02997,14.2265,17.6861
test_02998,12.7880,15.9994
test_02999,12.3682,15.5100
test_03000,14.6151,17.9888
test_03001,13.7874,17.5495
test_03002,12.4157,15.7649
test_03003,13.4428,16.5014
test_03004,15.3108,18.4752
test_03005,13.6537,16.9229
test_03006,15.4182,19.8394
test_03007,14.0976,18.2278
test_03008,14.3394,17.7003
test_03009,11.8473,15.3567
test_03010,15.1903,18.6845
test_03011,14.9616,18.3467
test_03012,15.4003,18.4943
test_03013,15.1156,18.1802
test_03014,15.0371,18.3008
test_03015,14.1344,17.4192
test_03016,14.4313,17.6669
test_03017,15.3129,18.8108
test_03018,12.2201,15.7439
test_03019,12.5785,15.7052
test_03020,14.5306,17.5809
test_03021,14.4393,17.5555
test_03022,14.8375,18.3389
test_03023,12.3754,15.7534
test_03024,13.1284,16.2777
test_03025,11.7819,15.2913
test_03026,14.0208,17.4637
test_03027,10.8530,14.3213
test_03028,11.5921,14.7390
test_03029,15.3862,19.7424
test_03030,11.9858,15.2263
test_03031,16.3549,19.3444
test_03032,10.5026,13.7414
test_03033,15.6952,18.8616
test_03034,14.1896,17.5999
test_03035,13.7253,16.7543
test_03036,15.6322,18.6900
test_03037,14.5853,18.0142
test_03038,14.8555,18.3497
test_03039,13.5852,16.7398
test_03040,15.4126,18.5959
test_03041,11.7555,15.6862
test_03042,15.0991,18.3614
test_03043,14.3394,18.0324
test_03044,15.0880,18.3578
test_03045,14.8698,17.9794
test_03046,16.3429,19.7310
test_03047,16.1669,19.1861
test_03048,13.5765,16.7198
test_03049,13.9158,17.3665
test_03050,13.9038,17.2166
test_03051,13.3869,16.7748
test_03052,16.6703,20.4167
test_03053,13.2709,16.4746
test_03054,9.5400,12.5833
test_03055,13.4135,16.8508
test_03056,13.6590,16.7982
test_03057,13.1148,16.5102
test_03058,12.5146,16.0313
test_03059,16.3391,19.3714
test_03060,15.1389,18.4568
test_03061,13.4375,16.7094
test_03062,15.2928,18.3878
test_03063,12.4811,15.8995
test_03064,12.2834,15.9090
test_03065,15.6051,18.7942
test_03066,15.0353,18.2341
test_03067,15.6800,18.9237
test_03068,14.6651,18.1449
test_03069,14.1903,17.8160
test_03070,16.6868,20.1617
test_03071,12.2624,15.9675
test_03072,14.8525,18.2264
test_03073,9.2834,12.3004
test_03074,13.2134,16.3346
test_03075,15.2814,18.7736
test_03076,12.2221,16.0494
test_03077,12.8683,16.8390
test_03078,14.1010,17.5950
test_03079,11.4355,14.4476
test_03080,9.2138,13.2025
test_03081,15.6032,18.9168
test_03082,14.4291,17.7948
test_03083,12.9265,16.0796
test_03084,13.7291,17.0267
test_03085,15.0015,18.2561
test_03086,14.9271,18.5334
test_03087,15.5422,18.7232
test_03088,13.9543,17.2136
test_03089,12.7378,16.0036
test_03090,15.5622,18.7568
test_03091,11.5311,14.6850
test_03092,12.9696,16.2397
test_03093,11.0997,14.2181
test_03094,13.6999,16.7499
test_03095,15.6319,18.7442
test_03096,14.1722,18.5514
test_03097,13.7978,17.0427
test_03098,14.4353,18.6437
test_03099,16.4911,19.6564
test_03100,14.7788,18.2297
test_03101,12.4456,15.4856
test_03102,17.6274,20.6760
test_03103,15.3251,18.4046
test_03104,11.2114,14.7688
test_03105,14.2007,17.2788
test_03106,16.0141,19.5086
test_03107,12.3655,16.0632
test_03108,15.7121,19.1413
test_03109,14.4447,17.7345
test_03110,19.2002,22.1678
test_03111,16.0042,19.1304
test_03112,16.5930,19.9005
test_03113,16.9083,20.0695
test_03114,15.3181,18.4289
test_03115,15.4231,18.4139
test_03116,10.7407,13.9727
test_03117,11.6507,14.7752
test_03118,16.2362,19.5718
test_03119,13.3184,16.7744
test_03120,15.5784,18.8323
test_03121,13.8349,17.5933
test_03122,11.4105,14.5436
test_03123,13.7397,16.9351
test_03124,12.0394,15.3028
test_03125,13.5480,17.2347
test_03126,12.4272,15.5019
test_03127,15.4406,18.5906
test_03128,15.9493,19.3837
test_03129,15.4287,18.6165
test_03130,14.6360,18.2955
test_03131,12.2901,15.5376
test_03132,12.0375,15.1208
test_03133,15.2888,18.5681
test_03134,12.3290,15.5764
test_03135,11.9560,15.2724
test_03136,15.1198,18.7594
test_03137,16.7153,19.7376
test_03138,16.5988,19.6976
test_03139,12.7396,16.4231
test_03140,15.6736,18.8223
test_03141,13.0556,16.3369
test_03142,12.2812,15.4961
test_03143,14.5936,17.9207
test_03144,12.6968,15.9671
test_03145,11.3933,14.7904
test_03146,13.6150,16.7542
test_03147,13.9925,17.1343
test_03148,15.0689,18.2142
test_03149,15.5566,18.9017
test_03150,15.8777,19.2619
test_03151,14.3088,17.9028
test_03152,13.5159,17.2129
test_03153,14.0106,17.5813
test_03154,16.4051,19.5220
test_03155,14.4280,17.7735
test_03156,13.2249,16.4494
test_03157,14.3214,18.1438
test_03158,13.5663,16.9554
test_03159,13.5822,17.3136
test_03160,15.3734,18.9469
test_03161,15.2686,18.1790
test_03162,16.8625,19.9706
test_03163,15.1945,18.3612
test_03164,13.1422,16.7797
test_03165,13.8052,17.4537
test_03166,11.4983,14.8482
test_03167,15.5922,18.7518
test_03168,12.0164,15.5295
test_03169,15.6847,19.0270
test_03170,10.8407,13.9905
test_03171,12.7295,15.6955
test_03172,10.8996,14.3097
test_03173,14.9328,18.4248
test_03174,12.4117,15.6960
test_03175,17.1253,20.3141
test_03176,14.1321,17.4241
test_03177,11.3350,15.1798
test_03178,14.8873,17.8462
test_03179,10.9019,14.0039
test_03180,15.3056,18.7788
test_03181,13.4565,16.8808
test_03182,13.9283,17.6162
test_03183,13.6946,16.9918
test_03184,16.1407,19.5934
test_03185,12.6511,16.1304
test_03186,16.4734,19.7848
test_03187,16.4462,19.6518
test_03188,16.5470,19.9338
test_03189,15.8291,19.0875
test_03190,14.5259,18.2197
test_03191,14.5168,17.5852
test_03192,14.9003,18.0507
test_03193,14.5997,17.9354
test_03194,12.2203,15.6285
test_03195,13.8630,17.4828
test_03196,11.3177,14.5725
test_03197,16.2234,19.4462
test_03198,13.7908,17.2901
test_03199,15.9068,19.6945
test_03200,14.8819,18.2581
test_03201,11.7853,14.8311
test_03202,15.7665,19.1012
test_03203,14.3123,17.4452
test_03204,12.7128,16.3684
test_03205,14.4486,17.6912
test_03206,15.9132,18.9500
test_03207,13.7729,17.0955
test_03208,15.4667,18.8669
test_03209,15.6240,19.0298
test_03210,12.1790,15.9517
test_03211,15.7909,18.9422
test_03212,14.6290,17.7154
test_03213,14.8886,18.1806
test_03214,15.8632,19.6254
test_03215,13.4805,16.4375
test_03216,8.9771,12.8319
test_03217,10.2425,13.2657
test_03218,13.5552,17.0242
test_03219,12.1931,15.6571
test_03220,11.5513,14.8002
test_03221,11.7154,14.9259
test_03222,13.9162,17.1492
test_03223,14.3922,17.7273
test_03224,11.6437,15.2396
test_03225,13.1306,16.7698
test_03226,14.2514,17.5436
test_03227,15.0428,18.1486
test_03228,13.3915,16.4780
test_03229,13.0943,16.6101
test_03230,15.3917,18.4450
test_03231,15.3545,18.3677
test_03232,14.1631,17.5047
test_03233,15.3781,18.6052
test_03234,15.2667,18.6283
test_03235,15.7196,18.7057
test_03236,14.9324,18.2763
test_03237,15.5145,18.9282
test_03238,15.9433,19.3630
test_03239,12.7582,16.0017
test_03240,16.9821,20.2489
test_03241,15.5473,18.9318
test_03242,13.3565,17.0512
test_03243,14.6162,17.9024
test_03244,13.9901,16.9939
test_03245,14.3711,17.7365
test_03246,15.0364,18.5742
test_03247,14.0799,17.4063
test_03248,10.8736,14.4528
test_03249,13.1107,16.1189
test_03250,9.2048,12.3454
test_03251,16.7117,19.7712
test_03252,11.7680,15.2159
test_03253,15.7542,18.9574
test_03254,10.9663,14.4605
test_03255,15.9562,19.9528
test_03256,14.4443,17.8682
test_03257,14.8263,18.0842
test_03258,15.2771,18.4616
test_03259,15.4409,18.5048
test_03260,15.7743,18.8750
test_03261,15.3337,18.7706
test_03262,12.4397,16.2974
test_03263,15.5951,19.4274
test_03264,15.2583,18.3877
test_03265,15.4188,18.6740
test_03266,16.2625,19.4490
test_03267,14.2516,17.3779
test_03268,13.6213,17.0664
test_03269,11.6315,14.7929
test_03270,16.0813,19.4790
test_03271,13.1806,16.3341
test_03272,12.4814,15.8990
test_03273,15.7838,18.7261
test_03274,14.7634,18.2407
test_03275,14.0102,17.2099
test_03276,8.3635,11.5291
test_03277,16.3269,19.8124
test_03278,15.0096,18.2716
test_03279,13.4537,16.7375
test_03280,16.0796,19.7145
test_03281,15.5739,19.1575
test_03282,9.9593,13.3140
test_03283,15.4217,18.5632
test_03284,15.3005,18.9878
test_03285,13.4994,16.9132
test_03286,13.3694,16.5803
test_03287,15.1879,18.2893
test_03288,16.0195,19.3902
test_03289,15.8356,18.9770
test_03290,16.1330,19.5337
test_03291,13.0149,16.0443
test_03292,13.0628,16.4488
test_03293,10.5157,13.8340
test_03294,16.1511,19.1154
test_03295,13.7113,16.8649
test_03296,15.0829,19.0994
test_03297,13.5220,16.8007
test_03298,13.3989,16.5110
test_03299,12.1848,15.8233
test_03300,15.9412,19.0136
test_03301,14.7363,17.9615
test_03302,11.5551,14.6174
test_03303,14.8902,18.0874
test_03304,14.3908,17.4578
test_03305,14.1265,17.4657
test_03306,12.5005,15.9971
test_03307,15.4676,18.5750
test_03308,13.8490,17.0850
test_03309,14.1632,17.7277
test_03310,15.2214,18.3222
test_03311,12.9399,16.3671
test_03312,13.3310,16.6973
test_03313,14.3168,17.2785
test_03314,14.1300,18.1293
test_03315,15.1550,18.6518
test_03316,13.3619,16.5708
test_03317,18.1203,21.5076
test_03318,15.4288,18.8938
test_03319,17.0903,20.5351
test_03320,13.2334,16.4339
test_03321,12.1261,15.4329
test_03322,14.3067,17.5896
test_03323,13.6503,17.0368
test_03324,15.6084,18.8847
test_03325,16.6472,19.8981
test_03326,11.6648,14.9165
test_03327,16.3678,19.7068
test_03328,16.9219,20.2567
test_03329,14.6083,17.7851
test_03330,12.8736,16.1109
test_03331,15.8505,19.0012
test_03332,13.1220,16.5132
test_03333,9.5899,12.8967
test_03334,13.2760,16.7963
test_03335,15.1237,18.2702
test_03336,11.5905,14.9317
test_03337,11.9112,15.1930
test_03338,15.1644,18.3814
test_03339,14.1153,17.4439
test_03340,14.0965,17.2978
test_03341,15.0957,19.0229
test_03342,16.6031,19.7555
test_03343,15.8147,19.3953
test_03344,13.5523,16.8426
test_03345,14.4561,17.6774
test_03346,16.4166,19.8781
test_03347,13.8535,16.9016
test_03348,15.2270,18.3126
test_03349,14.5310,17.9004
test_03350,15.4759,18.6534
test_03351,13.9080,17.0224
test_03352,14.0266,17.5826
test_03353,15.5000,18.7023
test_03354,10.1826,13.5183
test_03355,15.2656,18.6572
test_03356,15.9239,18.9101
test_03357,14.9599,18.0711
test_03358,11.7249,15.4601
test_03359,15.2795,18.4853
test_03360,13.7612,17.0483
test_03361,14.1132,18.0583
test_03362,14.3293,17.6179
test_03363,16.0699,19.2220
test_03364,15.3709,18.4500
test_03365,8.4169,11.4470
test_03366,15.9078,19.0307
test_03367,11.0865,14.0590
test_03368,13.2132,16.3828
test_03369,19.1811,22.4079
test_03370,16.7834,20.0897
test_03371,12.3820,15.7973
test_03372,12.3479,16.1809
test_03373,15.4705,18.5892
test_03374,12.7536,16.0443
test_03375,13.9961,17.3948
test_03376,14.5343,18.4322
test_03377,13.5960,16.7538
test_03378,14.2971,17.6252
test_03379,12.9813,16.1649
test_03380,13.5759,17.1073
test_03381,14.0781,17.4387
test_03382,12.9760,15.9972
test_03383,15.2726,18.5494
test_03384,13.7977,17.6689
test_03385,15.7736,19.7783
test_03386,15.0415,18.1088
test_03387,16.8111,20.1177
test_03388,13.1081,16.3098
test_03389,14.4379,17.5894
test_03390,16.0909,19.3613
test_03391,16.3187,19.9971
test_03392,15.9911,19.0879
test_03393,15.1462,19.2450
test_03394,14.2487,17.2749
test_03395,15.2433,18.4146
test_03396,13.7443,17.3273
test_03397,17.9293,21.1421
test_03398,16.3436,19.4935
test_03399,15.4911,18.9565
test_03400,15.9346,19.0078
test_03401,15.3967,18.5383
test_03402,12.7133,15.7674
test_03403,15.3204,18.4578
test_03404,14.1786,18.2539
test_03405,13.9211,17.1810
test_03406,15.0213,18.2899
test_03407,13.1120,16.1453
test_03408,13.2453,16.4616
test_03409,14.4613,17.3707
test_03410,14.4055,17.7987
test_03411,14.2464,17.4437
test_03412,13.7522,16.9980
test_03413,14.2982,17.3714
test_03414,13.4641,16.4219
test_03415,17.5216,20.9407
test_03416,14.0208,17.4716
test_03417,12.1652,15.3351
test_03418,15.9468,19.0617
test_03419,10.1830,13.6407
test_03420,13.5467,16.9059
test_03421,13.3666,16.7039
test_03422,9.8842,13.0475
test_03423,12.2360,15.3357
test_03424,15.4310,18.5686
test_03425,12.6856,15.8394
test_03426,12.7640,16.2402
test_03427,12.9327,16.3171
test_03428,13.6475,16.6450
test_03429,12.9587,16.0968
test_03430,15.2889,18.7045
test_03431,13.4388,16.5816
test_03432,15.3957,18.5179
test_03433,13.2921,16.5940
test_03434,15.2971,18.5887
test_03435,14.7112,17.9382
test_03436,15.6031,18.9550
test_03437,15.2862,18.7349
test_03438,13.4135,16.5372
test_03439,15.9196,18.9817
test_03440,14.2471,17.6258
test_03441,13.4782,16.7391
test_03442,14.7393,17.9678
test_03443,10.3082,13.4786
test_03444,15.4803,18.5734
test_03445,15.1041,18.6687
test_03446,15.5710,19.0436
test_03447,16.8739,20.0264
test_03448,16.0665,19.0383
test_03449,14.1412,17.3343
test_03450,11.5641,15.6893
test_03451,16.1276,19.4203
test_03452,13.7727,16.7013
test_03453,15.7152,19.0436
test_03454,11.0862,14.7135
test_03455,15.5339,19.0940
test_03456,16.4668,19.6427
test_03457,12.3294,15.7767
test_03458,13.0622,16.3965
test_03459,13.4271,16.5488
test_03460,12.1087,15.3951
test_03461,16.1624,19.2208
test_03462,15.6950,18.7131
test_03463,15.8865,19.2265
test_03464,13.4458,16.3633
test_03465,15.2872,18.7764
test_03466,12.4963,16.0088
test_03467,14.7599,17.9703
test_03468,13.3655,16.8376
test_03469,15.1390,18.0840
test_03470,15.2733,18.5702
test_03471,17.6861,21.0764
test_03472,13.8517,16.9070
test_03473,13.7452,17.1121
test_03474,14.8089,18.3084
test_03475,14.1039,17.1908
test_03476,15.3205,18.6095
test_03477,13.1364,16.7772
test_03478,13.4079,16.6477
test_03479,11.7272,15.0942
test_03480,13.5442,17.0276
test_03481,11.1478,14.3001
test_03482,16.6578,19.8698
test_03483,17.1172,20.1573
test_03484,13.3381,16.5913
test_03485,12.9248,15.8634
test_03486,15.6620,18.6579
test_03487,17.3375,20.7355
test_03488,14.6112,17.6952
test_03489,15.4403,19.3037
test_03490,14.4496,17.5638
test_03491,17.3069,20.5301
test_03492,15.3082,18.6961
test_03493,13.7979,17.1160
test_03494,15.8906,18.9157
test_03495,13.0961,16.1732
test_03496,14.1150,17.3217
test_03497,12.6989,16.2575
test_03498,15.5665,18.9228
test_03499,9.4054,12.8404
test_03500,14.7942,18.1109
test_03501,14.8586,18.1548
test_03502,13.0908,16.4104
test_03503,15.0723,18.4602
test_03504,14.3227,17.5989
test_03505,13.2413,16.2477
test_03506,13.8172,17.1765
test_03507,14.6842,17.9458
test_03508,10.6540,13.9165
test_03509,17.7986,21.1108
test_03510,12.4114,15.5841
test_03511,15.6667,18.9028
test_03512,15.0193,18.3749
test_03513,17.1067,20.0928
test_03514,14.9624,18.6923
test_03515,17.4554,20.7506
test_03516,11.2744,14.7588
test_03517,13.9311,17.1740
test_03518,15.5854,19.0886
test_03519,14.5145,17.7543
test_03520,13.9234,17.2410
test_03521,14.4004,17.5341
test_03522,14.6231,17.5007
test_03523,13.1498,16.3088
test_03524,13.1111,16.5340
test_03525,14.1518,17.5865
test_03526,12.3121,15.5398
test_03527,14.2802,17.3627
test_03528,14.4881,17.6506
test_03529,13.3357,16.8118
test_03530,14.4645,17.6363
test_03531,14.3370,17.5356
test_03532,14.9257,17.9186
test_03533,12.7606,16.1426
test_03534,15.9635,19.4488
test_03535,16.1743,19.3045
test_03536,14.8141,18.0816
test_03537,17.7142,20.8211
test_03538,12.3625,15.4341
test_03539,16.0217,19.3894
test_03540,12.8407,15.9914
test_03541,14.7723,18.0875
test_03542,14.5874,18.0806
test_03543,10.9147,14.3157
test_03544,16.0174,19.3302
test_03545,13.9625,17.2538
test_03546,12.6101,15.7531
test_03547,14.9678,18.4206
test_03548,13.0525,16.6326
test_03549,14.4575,17.9477
test_03550,15.2101,18.4800
test_03551,13.9235,16.9973
test_03552,14.3594,17.4297
test_03553,14.0148,17.3196
test_03554,11.4380,14.7170
test_03555,13.7665,17.3785
test_03556,13.9870,17.4365
test_03557,14.9696,18.3097
test_03558,15.8366,19.2243
test_03559,16.9851,20.7173
test_03560,15.5231,18.5488
test_03561,12.1840,15.1701
test_03562,16.3909,19.6189
test_03563,16.8128,20.0151
test_03564,16.1915,19.3852
test_03565,13.8579,16.8553
test_03566,15.2514,18.2142
test_03567,14.9128,18.5357
test_03568,12.0429,15.3872
test_03569,15.7500,19.1272
test_03570,16.3049,20.2659
test_03571,11.9802,16.1301
test_03572,13.5690,17.1449
test_03573,11.7312,14.8296
test_03574,11.9788,15.4239
test_03575,13.8197,17.0079
test_03576,15.4983,19.2037
test_03577,12.8168,16.4138
test_03578,17.2724,21.3609
test_03579,13.4894,16.6680
test_03580,15.4437,19.3342
test_03581,17.6598,20.8911
test_03582,15.2502,18.7108
test_03583,11.9978,16.1166
test_03584,9.2619,13.0470
test_03585,12.2131,15.8943
test_03586,13.0813,16.4508
test_03587,13.1387,17.0739
test_03588,12.4089,16.0489
test_03589,14.0726,17.4913
test_03590,13.5687,16.5619
test_03591,15.8514,18.8759
test_03592,12.5057,15.7148
test_03593,16.1024,19.3136
test_03594,12.4620,16.1919
test_03595,13.7531,16.9136
test_03596,15.5304,18.5522
test_03597,14.4485,17.7586
test_03598,15.7419,18.7354
test_03599,14.9808,18.2373
